name,special_price,price
Iphone 15 Pro Max Dual Physical Sim (no E-sim) - 1 TB - Natural Titanium,1800000,1805000
Iphone 15 Pro Dual Physical Sim (no E-sim) - 1 Tb - Natural Titanium,1550000,1555000
"Iphone 12 - 6.1"" - 64GB ROM - 6GB RAM - 2815mAh",446000,550000
"Iphone Xr - 6.1"" - 3gb Ram - 64gb Rom - Wifi + 4g - Nano Sim - 3000mah - Blue - Renewed",298999,480000
"Iphone 14 Pro Max - 6.7"" - 256GB ROM - 6GB RAM - 5g - 4323mAh",1170000,1300000
"Iphone 16 Plus - 6.7"" - 256GB RAM - 8GB RAM - Single Nano Sim - 5g - 4674mAh - Black",1450000,1450000
"Iphone 16 Pro Max - 6.9"" - 256GB RAM - 8GB RAM - Single Sim - 5g - 4685mAh - Black",1925000,1925000
"Iphone 16 Pro - 6.3"" - 256GB RAM - 8GB RAM - Single Sim - 5g - 3582mAh - Black",1725000,1725000
"iPhone 16 - 6.1"" - 128GB ROM - 8GB RAM - Single Nano Sim - 5g - 3561mAh - White",1215000,1215000
"IPhone 16 - 6.1"" - 128GB ROM - 8GB RAM - Single Nano Sim - 5g - 3561mAh - Black",1215000,1215000
"IPhone 15 Pro Max - 6.7"" - 256GB RAM - 8GB RAM - Single Sim - 5G - 4441mAh - Black Titanium",1635000,1635000
"IPhone 15 Pro Max - 6.7"" - 256GB RAM - 8GB RAM - Single Sim - 5G - 4441mAh - White Titanium",1635000,1635000
"iPhone 15 Pro - 6.1"" - 128GB Rom - 8GB Ram - Single Sim - 5G - 3274mAh - White Titanium",1285000,1285000
"iPhone 15 Pro - 6.1"" - 128GB Rom - 8GB Ram - Single Sim - 5G - 3274mAh - Black Titanium",1285000,1285000
"iPhone 15 - 6.1"" - 128GB ROM - 6GB RAM - Single Sim - 3349mAh - Blue",968000,968000
"iPhone 15 - 6.1"" - 128GB ROM - 6GB RAM - Single Sim - 3349mAh - Pink",968000,968000
"Iphone 15 - 6.1"" - 128GB ROM - 6GB RAM - Single Sim - 3349mAh - Black",968000,968000
Iphone 15 Pro Max- 256GB ROM -8GB RAM-1sim + Esim- 4441mAh-Blue Titanium,2465000,2465000
Iphone 16 Pro Max 8GB RAM- 256GB ROM- Nano Sim- 4685mah-Natural Titanium,2682500,2682500
"Iphone 17 Pro - 6.3"" - Physical & Esim - 256GB ROM - 12GB RAM - Nano Sim - Ios 26 - Deep Blue",2499999,3200000
"Iphone 17 Pro - 6.3"" - Physical & Esim - 256GB ROM - 12GB RAM - Nano Sim - Ios 26 - Cosmic Orange",2499999,3200000
"Iphone 17 Pro - 6.3"" - Physical & Esim - 256GB ROM - 12GB RAM - Ios 26 - Silver",2499999,3200000
Iphone 17 Pro Max - 512GB ROM - 12GB RAM - Physical & Esim - Ios 26 - Deep Blue,3279000,4200000
Iphone 17 Pro Max - 512GB RAM - 12GB ROM - Physical & Esim - Ios 26 - Cosmic Orange,3279000,4200000
Iphone 17 Pro Max - 512GB RAM - 12GB ROM - Physical & Esim - Nano Sim - Ios 26 - Silver,3279000,4500000
"Iphone 17 Pro - 6.3"" - Dual Sim - 256GB ROM - 12GB RAM - Nano Sim - Ios 26 - Cosmic Orange",2499999,3000000
"Iphone 17 Pro - 6.3"" - Dual Sim - 256GB ROM - 12GB RAM - Nano Sim - Ios 26 - Deep Blue",2499999,3000000
"Iphone 17 Pro - 6.3"" - Dual Sim - 256GB ROM - 12GB RAM - Nano Sim - Ios 26 - Silver",2499999,3000000
Iphone 17 Pro Max - 512GB ROM - 12GB RAM - Dual Sim - Nano Sim - Ios 26 - Deep Blue,3279000,4000000
Iphone 17 Pro Max - 512GB ROM - 12GB RAM - Dual Sim - Nano Sim- Ios 26 - Cosmic Orange,3279000,4000000
Iphone 17 Pro Max - 512GB ROM - 12GB RAM - Dual Sim - Nano Sim - Ios 26 - Silver,3279000,4000000
Iphone 17 Pro Max - Physical & Esim - 256GB ROM - 12GB RAM - Nano Sim - Ios 26 - Orange,2849000,3000000
Iphone 17 Pro Max - Physical & Esim - 256GB ROM - 12GB RAM - Nano Sim - Ios 26 - Deep Blue,2849000,3000000
Iphone 17 Pro Max - Physical & Esim - 256GB ROM - 12GB RAM - Nano Sim - Ios 26 - Silver,2849000,3000000
"Iphone 17 Pro Max - 6.9"" - Dual Sim - 256GB ROM - 12GB RAM - Nano Sim - Ios 26 - Deep Blue",2849000,3000000
"iPhone 17 Pro Max - 6.9"" - Dual Sim - 256GB ROM - 12GB RAM - Nano Sim - Ios 26 - Orange",2849000,3000000
"iPhone 17 Pro Max - 6.9"" - Dual sim - 256GB ROM - 12GB RAM - Nano Sim - iOS 26 - Silver",2849000,3000000
"IPhone 17 Pro Max - 6.9"" - 256GB ROM - 12GB RAM - Single Nano Sim - Ios 26 - 5088mAh - Cosmic Orange",3000000,3000000
"IPhone 17 Pro Max - 6.9"" - 256GB ROM - 12GB Ram - Single Nano Sim - 5088mAh - Silver",3000000,3000000
"IPhone 17 Pro Max - 6.9"" - 256GB ROM - 12GB RAM - Single Nano Sim - 5088mAh - Deep Blue",3000000,3000000
iPhone 17 Air 256GB Single SIM - Sky Blue,2150000,2150000
iPhone 17 Air 256GB Single SIM - Light Gold,2150000,2150000
iPhone 17 Air 256GB Single SIM - Space Black,2150000,2150000
iPhone 17 Pro 1TB Single Sim - Cosmic Orange,3000000,3000000
iPhone 17 Pro 1TB Single Sim - Deep Blue,3000000,3000000
iPhone 17 Pro 1TB Single Sim - Silver,3000000,3000000
iPhone 17 Pro Max 1TB Single Sim - Cosmic Orange,3800000,3800000
iPhone 17 Pro Max 1TB Single Sim - Deep Blue,3700000,3700000
iPhone 17 Pro Max 1TB Single Sim - Silver,3800000,3800000
iPhone 17 Pro Max 2TB Single Sim - Cosmic Orange,4300000,4300000
iPhone 17 Pro Max 2TB Single Sim - Deep Blue,4250000,4250000
iPhone 17 Pro Max 2TB Single Sim - Silver,4250000,4250000
iPhone 17 256GB Single Sim - White,1550000,1550000
iPhone 17 256GB Single Sim - Lavender,1550000,1550000
iPhone 17 256GB Single Sim - Blue,1550000,1550000
Iphone 16 Plus 5g  - 256GB ROM - 8GB RAM - Single Nano Sim + Esim - Black,1700000,1700000
Iphone 16 Plus 5g - 256GB ROM - 8GB RAM - Single Nano Sim + ESIM - 4674mAh - Ultramarine,1750000,1750000
iPhone 17 Pro 256GB Single Sim - Silver,2200000,2200000
iPhone 17 Pro 512GB Single Sim - Cosmic Orange,2600000,2600000
iPhone 17 Pro 512GB Single Sim - Deep Blue,2600000,2600000
iPhone 17 Pro 512GB Single Sim - Silver,2600000,2600000
iPhone 17 Pro Max 256GB Single Sim - Cosmic Orange,2700000,2700000
iPhone 17 Pro Max 256GB Single Sim - Deep Blue,2700000,2700000
iPhone 17 Pro Max 256GB Single Sim - Silver,2650000,2650000
iPhone 17 Pro Max 512GB Single Sim - Cosmic Orange,3100000,3100000
iPhone 17 Pro Max 512GB Single Sim - Deep Blue,3100000,3100000
iPhone 17 Pro Max 512GB Single Sim - Silver,3100000,3100000
iPhone 17 Pro 256GB Single Sim - Deep Blue,2200000,2200000
iPhone 17 Pro 256GB Single Sim - Cosmic Orange,2250000,2250000
"IPhone 16 - 6.1"" - 256GB ROM - 8GB RAM - Single Nano Sim - 5G - 3561mAh- White",1500000,1500000
"IPhone 16 - 6.1"" - 256GB ROM - 8GB RAM - Single Nano Sim - 5G - 3561mAh-  Ultramarine",1550000,1550000
"IPhone 16 - 6.1"" - 256GB ROM - 8GB RAM - Single Nano Sim - 5G - 3561mAh- Teal",1550000,1550000
"IPhone 16 - 6.1"" - 256GB ROM - 8GB RAM - Single Nano Sim - 5G - 3561mAh- Pink",1550000,1550000
"IPhone 16 - 6.1"" - 256GB ROM - 8GB RAM - Single Nano Sim - 5G - 3561mAh - Black",1550000,1550000
"IPhone 16 - 6.1"" - 128GB ROM - 8GB RAM - Single Nano Sim - 5G - 3561mAh - White",1450000,1450000
"IPhone 16 - 6.1"" - 128GB ROM - 8GB RAM - Single Nano Sim - 5G - 3561mAh - Ultramarine",1450000,1450000
"IPhone 16 - 6.1"" - 128GB ROM - 8GB RAM - Single Nano Sim - 5G - 3561mAh - Teal",1450000,1450000
"IPhone 16 - 6.1"" - 128GB ROM - 8GB RAM - Single Nano Sim - 5G - 3561mAh - Pink",1450000,1450000
"IPhone 16 - 6.1"" - 128GB ROM - 8GB RAM - Single Nano Sim - 5G - 3561mAh - Black",1450000,1450000
"Iphone 12 - 6.1"" - 64GB ROM - 6GB RAM - 2815mAh",446000,550000
"Iphone 12 - 6.1"" - 64GB ROM - 6GB RAM - 2815mAh",446000,550000
"Iphone 12 - 6.1"" - 64GB ROM - 6GB RAM - 2815mAh",446000,550000
"Iphone 12 - 6.1"" - 64GB ROM - 6GB RAM - 2815mAh",446000,550000
"Iphone 12 - 6.1"" - 128GB ROM - 6GB RAM - 2815mAh",496000,600000
"Iphone 12 - 6.1"" - 128GB ROM - 6GB RAM - 2815mAh",496000,600000
"Iphone 12 - 6.1"" - 128GB ROM - 6GB RAM - 2815mAh",496000,650000
"Iphone 12 - 6.1"" - 128GB ROM - 6GB RAM - 2815mAh",496000,650000
"Iphone 12 - 6.1"" - 128GB ROM - 6GB RAM - 2815mAh",496000,650000
"Iphone 12 - 6.1"" - 128GB ROM - 6GB RAM - 2815mAh",496000,650000
"Iphone 12 Pro - 6.1"" - 256GB ROM - 6GB RAM - 2815mAh",679999,800000
"Iphone 12 Pro - 6.1"" - 256GB ROM - 6GB RAM - 2815mAh",679999,800000
"Iphone 12 Pro - 6.1"" - 256GB ROM - 6GB RAM - 2815mAh",679999,800000
"Iphone 12 Pro - 6.1"" - 256GB ROM - 6GB RAM - 2815mAh",679999,800000
"Iphone 12 Pro - 6.1"" - 128GB ROM - 6GB RAM - 2815mAh",639999,780000
"Iphone 12 Pro - 6.1"" - 128GB ROM - 6GB RAM - 2815mAh",639999,780000
"Iphone 12 Pro - 6.1"" - 128GB ROM - 6GB RAM - 2815mAh",639999,780000
"Iphone 12 Pro - 6.1"" - 128GB ROM - 6GB RAM - 2815mAh",639999,780000
"Iphone 12 - 6.1"" - 64GB ROM - 4GB RAM - 2815mAh",446000,550000
"Iphone 12 Pro Max - 6.7"" - 128GB ROM - 6GB RAM - 5g - 3687mAh - Blue",695999,800000
"Iphone 12 Pro Max - 6.7"" - 128GB ROM - 6GB RAM- 5g - 3687mAh",695999,800000
"Iphone 12 Pro Max - 6.7"" - 128GB ROM - 6GB RAM- 5g - 3687mAh",695999,800000
"Iphone 12 Pro Max - 6.7"" - 128GB ROM - 6GB RAM - 5g - 3687mAh",695999,800000
"Iphone 12 Pro Max - 6.7"" - 256GB ROM - 6GB RAM- 5g - 3687mAh",765999,850000
"Iphone 12 Pro Max - 6.7"" - 256GB ROM - 6GB RAM - 5g - 3687mAh",765999,850000
"Iphone 12 Pro Max - 6.7"" - 256GB ROM - 6GB RAM - 5g - 3687mAh",765999,850000
"Iphone 12 Pro Max - 6.7"" - 256GB ROM - 6GB RAM- 5g - 3687mAh",765999,850000
"Iphone 13 Pro Max - 6.7"" - 512GB ROM - 6GB RAM - Ios 15 - 4352mAh",1059999,1300000
"Iphone 13 Pro Max - 6.7"" - 256GB ROM - 6GB RAM - Ios 15 - 4352mAh",989999,1150000
"Iphone 13 Pro Max - 6.7"" - 256GB ROM - 6GB RAM - Ios 15 - 4352mAh",989999,1150000
"Iphone 13 Pro Max - 6.7"" - 256GB ROM - 6GB RAM - Ios 15 - 4352mAh",989999,1150000
"Iphone 13 Pro Max - 6.7"" - 256GB ROM - 6GB RAM - Ios 15 - 4352mAh",989999,1150000
"Iphone 13 Pro Max - 6.7"" - 512GB ROM - 6GB RAM - Ios 15 - 4352mAh",1059999,1300000
"Iphone 13 Pro Max - 6.7"" - 256GB ROM - 6GB RAM - Ios 15 - 4352mAh",989999,1100000
"Iphone 13 Pro Max - 6.7"" - 128GB ROM - 6GB RAM - Ios 15 - 4352mAh",899999,1100000
"Iphone 13 Pro Max - 6.7"" - 128GB ROM - 6GB RAM - Ios 15 - 4352mAh",899999,1100000
"Iphone 13 Pro Max - 6.7"" - 128GB ROM - 6GB RAM - Ios 15 - 4352mAh",899999,1100000
"Iphone 13 Pro Max - 6.7"" - 128GB ROM - 6GB RAM - Ios 15 - 4352mAh",899999,1100000
"Iphone 13 Pro Max - 6.7"" - 128GB ROM - 6GB RAM - Ios 15 - 4352mAh",899999,1100000
"Iphone 13 Pro 5g - 6.1"" - 512GB ROM - 6GB RAM - 1sim - Ios 15 - 3095mAh",929999,1000000
"Iphone 13 Pro 5g - 6.1"" - 512GB ROM - 6GB RAM - Ios 15 - 3095mAh",929999,1000000
"Iphone 13 Pro 5g - 6.1"" - 512GB ROM - 6GB RAM - Ios 15 - 3095mAh",929999,1000000
"Iphone 13 Pro 5g - 6.1"" - 512GB ROM - 6GB RAM - Ios 15 - 3095mAh",929999,1000000
"Iphone 13 Pro 5g - 6.1"" - 512GB ROM - 6GB RAM - Ios 15 - 3095mAh",929999,1000000
"Iphone 13 Pro Max - 6.7"" - 512GB ROM - 6GB RAM - Ios 15 - 4352mAh",1059999,1300000
"Iphone 13 Pro Max - 6.7"" - 512GB ROM - 6GB RAM - Ios 15 - 4352mAh",1059999,1300000
"Iphone 13 Pro Max - 6.7"" - 512GB ROM - 6GB RAM - Ios 15 - 4352mAh",1059999,1300000
"Iphone 13 Pro 5g - 6.1"" - 256GB ROM - 6GB RAM - 1sim - Ios 15 - 3095mAh",869999,950000
"Iphone 13 Pro 5g - 6.1"" - 256GB ROM - 6GB RAM - 1sim - Ios 15 - 3095mAh",869999,950000
"Iphone 13 Pro 5g - 6.1"" - 256GB ROM - 6GB RAM - 1sim - Ios 15 - 3095mAh",869999,950000
"Iphone 13 Pro 5g - 6.1"" - 256GB ROM - 6GB RAM - 1sim - Ios 15 - 3095mAh",869999,950000
"Iphone 13 Pro 5g - 6.1"" - 256GB ROM - 6GB RAM - 1sim - Ios 15 - 3095mAh",869999,950000
"Iphone 13 Pro 5g - 6.1"" - 128GB ROM - 6GB RAM - 1sim - Ios 15 - 3095mAh",769999,850000
"Iphone 13 Pro 5g - 6.1"" - 128GB ROM - 6GB RAM - 1sim - Ios 15 - 3095mAh",769999,850000
"Iphone 13 Pro 5g - 6.1"" - 128GB ROM - 6GB RAM - 1sim - Ios 15 - 3095mAh",769999,850000
"Iphone 13 Pro 5g - 6.1"" - 128GB ROM - 6GB RAM - 1sim - Ios 15 - 3095mAh",769999,850000
"Iphone 13 Pro 5g - 6.1"" - 128GB ROM - 6GB RAM - 1sim - Ios 15 - 3095mAh",769999,850000
"Iphone 13 - 6.1""- 5g - 128GB ROM - 4GB RAM - Super Retina - 3240mAh",620000,800000
"Iphone 13 - 6.1""- 5g - 128GB ROM - 4GB RAM - Super Retina - 3240mAh",620000,800000
"Iphone 13 - 6.1""- 5g - 128GB ROM - 4GB RAM - Super Retina - 3240mAh",620000,800000
"Iphone 13 - 6.1""- 5g - 128GB ROM - 4GB RAM - Super Retina - Oled - 3240mAh",620000,800000
"Iphone 13 - 6.1""- 5g - 128GB ROM - 4GB RAM - Super Retina - 3240mAh",620000,800000
"Iphone 13 - 6.1""- 5g - 256GB ROM - 4GB RAM - Super Retina - 3240mAh",695000,800000
"Iphone 13 - 6.1""- 5g - 256GB ROM - 4GB RAM - Super Retina - 3240mAh",695000,850000
"Iphone 13 - 6.1""- 5g - 256GB ROM - 4GB RAM - Super Retina - 3240mAh",695000,850000
"Iphone 13 - 6.1""- 5g - 256GB ROM - 4GB RAM - Super Retina - Oled - 3240mAh",695000,850000
"Iphone 13 - 6.1""- 5g - 128GB ROM - 4GB RAM - Super Retina - 3240mAh",620000,800000
"Iphone 13 - 6.1""- 5g - 256GB ROM - 4GB RAM - Super Retina - 3240mAh",695000,850000
"Iphone 13 - 6.1""- 5g - 256GB ROM - 4GB RAM - Super Retina - 3240mAh",695000,850000
Iphone 14 Pro Max - 512GB ROM + 6GB RAM- Nano Sim - 4323mAh,1299999,1550000
Iphone 14 Pro Max - 512GB ROM + 6GB RAM- Nano Sim - 4323mAh,1299999,1550000
Iphone 14 Pro Max - 512GB ROM + 6GB RAM- Nano Sim - 4323mAh,1299999,1500000
Iphone 14 Pro Max - 512GB ROM + 6GB RAM- Nano Sim - 4323mAh,1299999,1550000
Iphone 14 Pro Max - 256GB ROM + 6GB RAM- Nano Sim - 4323mAh,1199999,1350000
Iphone 14 Pro Max- 256GB ROM + 6GB RAM- Nano Sim - 4323mAh,1199999,1350000
Iphone 14 Pro Max - 256GB ROM + 6GB RAM- Nano Sim - 4323mAh,1199999,1300000
Iphone 14 Pro Max- 256GB ROM + 6GB RAM- Nano Sim - 4323mAh,1199999,1350000
"Iphone 14 Pro Max 6.7""- 128GB ROM + 6GB RAM- Nano Sim - 4323mAh",1099999,1300000
"Iphone 14 Pro Max 6.7"" - 128GB ROM + 6GB RAM- Nano Sim - 4323mAh",1099999,1300000
"Iphone 14 Pro Max 6.7"" - 128GB ROM + 6GB RAM- Nano Sim - 432mAh",1099999,1300000
"Iphone 14 Pro Max 6.7"" - 128GB ROM + 6GB RAM- Nano Sim - 4323mAh",1099999,1300000
"Iphone 14 Pro 6.1"" - 256GB ROM + 6GB RAM- Nano Sim",989999,1100000
"Iphone 14 Pro 6.1"" - 256GB ROM + 6GB RAM- Nano Sim",989999,1000000
"Iphone 14 Pro 6.1""- 256GB ROM + 6GB RAM- Nano Sim",989999,1000000
Iphone 14 Pro 6.1- 256GB ROM + 6GB RAM- Nano Sim,989999,1100000
"Iphone 14 Pro 6.1""- 128GB ROM + 6GB RAM- Nano Sim",929999,1000000
"Iphone 14 Pro 6.1"" - 128GB ROM + 6GB RAM- Nano Sim",929999,1000000
"Iphone 14 Pro 6.1"" - 128GB ROM + 6GB RAM- Nano Sim",929999,1000000
"Iphone 14 Pro 6.1"" - 128GB ROM + 6GB RAM- Nano Sim",929999,1000000
"Iphone 14 - 6.1"" - 256GB ROM - 6GB RAM - 5g- 3279mAh",799900,950000
"Iphone 14 - 6.1"" - 256GB ROM - 6GB RAM - 5g- 3279mAh",799990,950000
"Iphone 14 - 6.1"" - 256GB ROM - 6GB RAM - 5g- 3279mAh",799900,900000
"Iphone 14 - 6.1"" - 256GB ROM - 6GB RAM - 5g- 3279mAh",799900,950000
"Iphone 14 - 6.1"" - 256GB ROM - 6GB RAM - 5g- 3279mAh",799900,950000
"Iphone 14 - 6.1"" - 256GB ROM - 6GB RAM - 5g- 3279mAh",799900,950000
"Iphone 14 - 6.1"" - 128GB ROM - 6GB RAM - 5g- 3279mAh",739900,900000
"Iphone 14 - 6.1"" - 128GB ROM - 6GB RAM - 5g- 3279mAh",739900,900000
"Iphone 14 - 6.1"" - 128GB ROM - 6GB RAM - 5g- 3279mAh",739990,900000
"Iphone 14 - 6.1"" - 128GB ROM - 6GB RAM - 5g- 3279mAh",789900,900000
"Iphone 14 - 6.1"" - 128GB ROM - 6GB RAM - 5g- 3279mAh",789900,900000
"Iphone 14 - 6.1"" - 128GB ROM - 6GB Ram - 5g- 3279mAh",789900,900000
"Iphone 15 Pro Max - 6.7"" - 512GB ROM - 8GB RAM - 4422mAh",1787990,2000000
"Iphone 15 Pro Max - 6.7"" - 512GB ROM - 8GB RAM - 4422mAh",1787990,2000000
"iPhone 15 Pro Max - 6.7"" - 512GB ROM - 8GB RAM - 4422mAh",1787990,1800000
"iPhone 15 Pro Max - 6.7"" - 512GB ROM - 8GB RAM - 4422mAh",1787990,2000000
"Iphone 15 Pro Max - 6.7"" - 256GB ROM - 8GB RAM - 4422mAh",1639990,1800000
"Iphone 15 Pro Max - 6.7"" - 256GB ROM - 8GB RAM - 4422mAh",1639990,1800000
"Iphone 15 Pro Max - 6.7"" - 256GB ROM - 8GB RAM - 4422mAh",1639990,1800000
"Iphone 15 Pro Max - 6.7"" - 256GB ROM - 8GB RAM - 4422mAh",1639990,1800000
"Iphone 16 Pro Max - 6.9"" - 1TB ROM - 8GB RAM - 5g - 4685mAh",2599900,3000000
"Iphone 16 Pro Max - 6.9"" - 1TB ROM - 8GB RAM - 5g - 4685mAh",2599900,3000000
"Iphone 16 Pro Max - 6.9"" - 1TB ROM - 8GB RAM - 5g - 4685mAh",2599900,3000000
"Iphone 16 Pro Max - 6.9"" - 1Terabyte Rom - 8GB RAM - 5g - 4685mAh",2599900,3000000
"Iphone 16 Pro Max - 6.9"" - 512GB ROM - 8GB RAM - 5g - 4685mAh",2250000,2500000
"Iphone 16 Pro Max - 6.9"" - 512GB ROM - 8GB RAM - 5g - 4685mAh",2250000,2500000
"Iphone 16 Pro Max - 6.9"" - 512GB ROM - 8GB RAM - 5g - 4685mAh",2250000,2500000
"Iphone 16 Pro Max - 6.9"" - 512GB ROM - 8GB RAM - Single Sim - 5g - 4685mAh",2250000,2500000
"Iphone 16 Pro Max - 6.9"" - 256GB ROM - 8GB RAM -  5g - 4685mAh",1940000,2300000
"Iphone 16 Pro Max - 6.9"" - 256GB ROM - 8GB RAM -  5g - 4685mAh",1930000,2300000
"Iphone 16 Pro Max - 6.9"" - 256GB ROM - 8GB RAM - 5g - 4685mAh",1940000,2300000
"Iphone 16 Pro Max - 6.9"" - 256GB ROM - 8GB RAM - Single Sim - 5g - 4685mAh",1940000,2300000
Iphone 16 Pro - 256GB - 8GB - 5g - White Titanium,1729999,1900000
Iphone 16 Pro - 128GB - 8GB - 5g - Natural Titanium,1599999,1900000
Iphone 16 Pro - 128GB - 8GB - 5g - Desert Titanium,1599999,1900000
Iphone 16 Pro - 128GB - 8GB - 5g - Titanium Black,1599999,1900000
Iphone 16 Pro - 128GB - 8GB - 5g - White Titanium,1599999,1800000
"Iphone 15 - 6.1""- 128GB ROM - 6GB RAM - 3349mAh",979999,1200000
"Iphone 15 - 6.1""- 128GB ROM - 6GB RAM - 3349mAh",979999,1200000
"Iphone 15 - 6.1""- 128GB ROM - 6GB RAM - 3349mAh",979999,1200000
"Iphone 15 - 6.1""- 128GB ROM - 6GB RAM - 3349mAh",979999,1200000
"Iphone 15 - 6.1""- 128GB ROM - 6GB RAM - 3349mAh",979999,1200000
"iPhone 15 - 6.1""- 256GB ROM - 6GB RAM - 3349mAh",1135999,1300000
"Iphone 15 Pro 6.1"" - 128GB ROM + 8GB RAM - Nano Sim - 5g",1370000,1600000
"Iphone 15 Pro 6.1"" - 128GB ROM + 8GB RAM - Nano Sim - 5g",1370000,1600000
"Iphone 15 Pro 6.1"" - 128GB ROM + 8GB RAM - Nano Sim - 5g",1370000,1600000
"Iphone 15 Pro 6.1"" - 128GB ROM + 8GB RAM - Nano Sim - 5g",1370000,1600000
"Iphone 15 - 6.1""- 256GB ROM - 6GB RAM - 3349mAh",1135999,1400000
"Iphone 15 - 6.1""- 256GB ROM - 6GB RAM - 3349mAh",1135999,1400000
"Iphone 15 - 6.1""- 256GB ROM - 6GB RAM - 3349mAh",1135999,1400000
"Iphone 15 - 6.1""- 256GB ROM - 6GB RAM - 3349mAh",1135999,1400000
"Iphone 15 Pro 6.1"" - 256GB ROM + 8GB RAM - Nano Sim - 5g",1460000,1700000
"Iphone 15 Pro 6.1"" - 256GB ROM + 8GB RAM - Nano Sim - 5g",1460000,1700000
"Iphone 15 Pro 6.1"" - 256GB ROM + 8GB RAM - Nano Sim - 5g",1460000,1700000
"Iphone 15 Pro 6.1"" - 256GB ROM + 8GB RAM - Nano Sim - 5g",1460000,1700000
Iphone 16 Pro - 256GB - 8GB - 5g - Natural Titanium,1729999,1900000
Iphone 16 Pro - 256GB - 8GB - 5g - Desert Titanium,1729999,1900000
Iphone 16 Pro - 256GB - 8GB - 5g - Titanium Black,1729999,1900000
Iphone 16 - 8GB -256GB - 5g - White,1390000,1400000
Iphone 16 - 8GB -256GB - 5g - Pink,1390000,1400000
Iphone 16 - 8GB -256GB - 5g - Teal,1390000,1400000
Iphone 16 - 8GB -256GB - 5g - Black,1390000,1500000
Iphone 16 - 8GB -128GB - 5g - White,1250000,1400000
Iphone 16 - 8GB- 128GB - 5g - Teal,1250000,1400000
Iphone 16 - 8GB -128GB - 5g - Ultramarine,1250000,1400000
Iphone 16 - 8GB -128GB - 5g -Pink,1250000,1400000
Iphone 16 - 8GB - 256GB - 5g - Ultramarine,1390000,1400000
Iphone 16 - 8GB -128GB - 5g - Black,1250000,1400000
"Iphone 15 - 6.1"" - 6GB RAM - 256GB ROM - Dual Sim - 3349mAh - Pink",1450000,1450000
"Iphone 16 Plus - 6.7"" - 8GB RAM - 128GB ROM - Dual Sim - 5g - 4674mAh - Blue",1640000,1700000
"Iphone 16 - 6.1"" - 8GB RAM - 256GB ROM - Dual Sim - 5g - 3561mAh - Teal",1620000,1700000
"Iphone 16 Pro - 6.3"" - 8GB RAM - 256GB ROM - Dual Sim - 5g - 3355mAh - Black",2040000,2040000
"Iphone 15 Plus - 6.7"" - 6GB RAM - 256GB ROM - Dual Sim - 5g - 4383mAh - Blue",1580000,1580000
Iphone 15 5g - 128GB ROM - 6GB RAM - Nano Sim - 3349mAh - Green,1090000,1090000
"Iphone 15 5g - 6.1"" - 128GB ROM - 6GB RAM - Nano Sim - 3349mAh - Blue",990000,990000
Iphone 14 Pro 128GB - 6GB RAM - Physical Sim + Esim - Black,1200000,1200000
"Iphone 14 - 6.1"" - 128GB ROM - 6GB RAM - Single Sim + Esim  - 3279mAh - Starlight",790000,790000
"Iphone 14 - 6.1"" - 128GB ROM - 6GB RAM - Single Sim + Esim - 5G- 3279mAh - PURPLE",800000,800000
"Iphone 14 - 6.1"" - 128GB ROM - 6GB RAM- Single Sim + Esim - 5g - 3279mAh - Midnight",800000,800000
"IPhone 16 Pro - 6.3"" - 512GB ROM - 8GB RAM - Single Sim - 5g - 3582mAh - Natural Titanium",1900000,1900000
"IPhone 16 Pro - 6.3"" - 512GB ROM - 8GB RAM - Single Sim - 5g - 3582mAh - Desert Titanium",1900000,1900000
"IPhone 16 Pro - 6.3"" - 512GB ROM - 8GB RAM - Single Sim - 5g - 3582mAh - White",1900000,1900000
"IPhone 16 Pro - 6.3"" - 512GB ROM - 8GB RAM - Single Sim - 5g - 3582mAh - Black",1900000,1900000
"IPhone 16 Pro - 6.3"" - 256GB ROM - 8GB RAM - Single Sim - 5g - 3582mAh - Natural Titanium",1850000,1850000
"IPhone 16 Pro - 6.3"" - 256GB ROM - 8GB RAM - Single Sim - 5g - 3582mAh - Desert Titanium",1850000,1850000
"IPhone 16 Pro - 6.3"" - 256GB ROM - 8GB RAM - Single Sim - 5g - 3582mAh - White",1850000,1850000
"Iphone 16 Pro - 6.3"" - 256GB ROM - 8GB RAM - Single Sim - 5g - 3582mAh - Black",1850000,1850000
"IPhone 16 Pro Max - 6.9"" - 512GB ROM - 8GB RAM - Single Sim - 5g - 4685mAh - Natural Titanium",2300000,2300000
"IPhone 16 Pro Max - 6.9"" - 512GB ROM - 8GB RAM - Single Sim - 5g - 4685mAh - Desert Titanium",2300000,2300000
"IPhone 16 Pro Max - 6.9"" - 512GB ROM - 8GB RAM - Single Sim - 5g - 4685mAh - White",2300000,2300000
"IPhone 16 Pro Max - 6.9"" - 512GB ROM - 8GB RAM - Single Sim - 5g - 4685mAh - Black",2300000,2300000
"IPhone 16 Pro Max - 6.9"" - 256GB ROM - 8GB RAM - Single Sim - 5g - 4685mAh - Natural Titanium",2200000,2200000
"IPhone 16 Pro Max - 6.9"" - 256GB ROM - 8GB RAM - Single Sim - 5g - 4685mAh - Desert Titanium",2200000,2200000
"IPhone 16 Pro Max - 6.9"" - 256GB ROM - 8GB RAM - Single Sim - 5g - 4685mAh - White",2200000,2200000
"Iphone 16 Pro Max - 6.9"" - 256GB ROM - 8GB RAM - Single Sim - 5g - 4685mAh - Black",2200000,2200000
"IPhone 16 Plus 5g - 6.7"" - 256GB ROM - 8GB RAM - Single Nano Sim - 4674mAh - White",1700000,1700000
"IPhone 16 Plus 5g - 6.7"" - 256GB ROM - 8GB RAM - Single Nano Sim - 4674mAh - Ultramarine",1700000,1700000
"IPhone 16 Plus 5g - 6.7"" - 256GB ROM - 8GB RAM - Single Nano Sim - 4674mAh - Teal",1700000,1700000
"IPhone 16 Plus 5g - 6.7"" - 256GB ROM - 8GB RAM - Single Nano Sim - 4674mAh - Pink",1700000,1700000
"IPhone 16 Plus 5g - 6.7"" - 256GB ROM - 8GB RAM - Single Nano Sim - 4674mAh - Black",1700000,1700000
"IPhone 16 Plus 5g - 6.7"" - 128GB ROM - 8GB RAM - Single Nano Sim - 4674mAh - White",1600000,1600000
"IPhone 16 Plus 5g - 6.7"" - 128GB ROM - 8GB RAM - Single Nano Sim - 4674mAh - Ultramarine",1600000,1600000
"IPhone 16 Plus 5g - 6.7"" - 128GB ROM - 8GB RAM - Single Nano Sim - 4674mAh - Teal",1600000,1600000
"IPhone 16 Plus 5g - 6.7"" - 128GB ROM - 8GB RAM - Single Nano Sim - 4674mAh - Pink",1620000,1620000
"IPhone 16 Plus 5G - 6.7"" - 128GB ROM - 8GB RAM - Single Nano Sim - 4674mAh - Black",1600000,1600000
"Iphone 15 - 6.1"" - 256GB RAM - 6GB ROM - Single Sim -3349mAh - Green",1050000,1050000
"Iphone 15 - 6.1"" - 256GB RAM - 6GB ROM - Single Sim -3349mAh - Pink",1050000,1050000
"Iphone 15 - 6.1"" - 256GB RAM - 6GB ROM - Single Sim -3349mAh - Blue",1050000,1050000
"Iphone 15 - 6.1"" - 256GB RAM - 6GB ROM - Single Sim -3349mAh - Black",1050000,1050000
"Iphone 15 - 6.1"" - 256GB RAM - 6GB ROM - Single Sim -3349mAh - Yellow",1050000,1050000
iPhone 16e 128GB Single SIM White,1000000,1000000
iPhone 16e 128GB Single SIM Black,1000000,1000000
"IPhone 16 - 6.1"" - 256GB ROM - 8GB RAM - Single Sim - 5g - 3561mAh - Ultramarine",1500000,1500000
"IPhone 16 - 6.1"" - 256GB ROM - 8GB RAM - Single Sim - 5g - 3561mAh - Pink",1510000,1510000
"IPhone 16 - 6.1"" - 256GB ROM - 8GB RAM - Single Sim - 5g - 3561mAh - Teal",1500000,1500000
"IPhone 16 - 6.1"" - 256GB ROM - 8GB RAM - Single Sim - 5g - 3561mAh - White",1500000,1500000
"Iphone 16 - 6.1"" - 256GB ROM - 8GB RAM - Single Sim - 5g - 3561mAh - Black",1500000,1500000
"IPhone 16 - 6.1"" - 128GB ROM - 8GB RAM - Single Sim - 5g - 3561mAh - Ultramarine",1500000,1500000
"IPhone 16 - 6.1"" - 128GB ROM - 8GB RAM - Single Sim - 5g - 3561mAh - Teal",1500000,1500000
"IPhone 16 - 6.1"" - 128GB ROM - 8GB RAM - Single Sim - 5g - 3561mAh - Pink",1500000,1500000
"IPhone 16 - 6.1"" - 128GB ROM - 8GB RAM - Single Sim - 5g - 3561mAh - White",1500000,1500000
"Iphone 16 - 6.1"" - 128GB ROM - 8GB RAM - Single Sim - 5g - 3561mAh - Black",1500000,1500000
"Iphone 15 - 6.1"" - 128GB RAM - 6GB ROM - Single Sim - 3349mAh - Yellow",1000000,1000000
"Iphone 15 - 6.1"" - 128GB RAM - 6GB ROM - Single Sim - 3349mAh - Blue",1000000,1000000
"Iphone 15 - 6.1"" - 128GB RAM - 6GB ROM - Single Sim - 3349mAh - Pink",1000000,1000000
"Iphone 15 - 6.1"" - 128GB RAM - 6GB ROM - Single Sim - 3349mAh - Green",1000000,1000000
"IPhone 15 - 6.1"" - 128GB RAM - 6GB ROM - Single Sim - 3349mAh - Black",1000000,1000000
Iphone 16 256GB - White,1589999,1700000
"Iphone 16 Pro Max 5G - 6.9"" - 256GB ROM - 8GB RAM - Nano physical sim - Desert Titanium",2150000,2200000
"Iphone 16 Pro Max - 5G - 6.9"" - 8GB RAM - 256GB ROM - 4500mAh - Dual Sim - Natural Titanium",2200000,2300000
"Iphone 16 Pro Max 5g - 6.9"" - 256GB ROM - 8GB RAM - Nano Sim - Black Titanium",1989999,2100000
"Iphone 14 Pro 6.1"" - 256GB ROM + 6GB RAM - Nano Sim",990000,1100000
Iphone 16 Pro - 128GB - 8GB - 5g - Black Titanium,1690000,1790000
Iphone 16 Pro - 128GB - 8GB - 5g - Desert Titanium,1690000,1790000
"Iphone 16 Pro Max 5g - 6.9"" - 256GB ROM - 8GB RAM - Nano Sim - White Titanium",1989999,2100000
"Iphone 16 Pro Max 5g - 6.9"" - 256GB ROM - 8GB RAM - Nano Sim - Natural Titanium",1989999,2100000
"Iphone 16 Pro Max 5g - 6.9"" - 256GB ROM - 8GB RAM - Nano Sim - Desert",1989999,2100000
Iphone 16 Pro - 8GB - 128GB - 5g - Natural Titanium,1690000,1790000
Iphone 16 Pro - 8GB - 128GB - 5g - White Titanium,1690000,1790000
Iphone 16 Pro - 8GB - 256GB - 5g - White Titanium,1755000,1900000
Iphone 16 Pro - 8GB - 256GB - 5g - Natural Titanium,1755000,1900000
Iphone 16 Pro - 256GB - 8GB - 5g - Desert Titanium,1755000,1900000
Iphone 16 Pro - 256GB - 8GB - 5g - Black Titanium,1755000,1900000
"Iphone 15 Pro Max - 8GB - 256GB - 6.7"" - Dual Sim- 5G - 4422mAh - Black Titanium",1800000,1900000
"Iphone 15 Pro Max - 6.7"" - 256GB ROM - 8GB RAM - White Titanium - 4422mAh",1650000,1790000
"Iphone 14 Pro 6.1"" - 256GB ROM + 6GB RAM - Nano Sim - Purple",990000,1100000
"Iphone 14 Pro 6.1"" - 256GB ROM  + 6GB RAM -  Nano Sim - Silver",990000,1100000
"Iphone 14 Pro 6.1"" - 256GB ROM + 6GB RAM - Nano Sim - Space Black",990000,1100000
"Iphone 14 Pro - 6.1"" - 128GB ROM + 6GB RAM - Nano Sim - Space Black",930000,1100000
"Iphone 14 Pro - 6.1"" - 128GB ROM + 6GB RAM - Nano Sim - Deep Purple",930000,1100000
"Iphone 14 Pro - 6.1"" - 128GB ROM + 6GB RAM - Nano Sim - Gold",930000,1100000
"Iphone 14 Pro - 6.1"" - 128GB ROM + 6GB RAM - Nano Sim - Silver",930000,1100000
"Iphone 15 Pro Max - 6.7"" - 256GB ROM - 8GB RAM - 1 Sim + Esim - 5g - 4441mAh",1650000,1790000
"Iphone 15 Pro Max - 6.7"" - 256GB ROM - 8GB RAM 5g - 4441mAh",1650000,1790000
"Iphone 15 Pro Max - 6.7"" - 256GB ROM - 8GB RAM 5g - 4422mAh",1650000,1790000
"iPhone 16 Pro Max 5G - 6.9"" - 256GB ROM - 8GB RAM - 4685mAh - Black",1930000,2000000
"Iphone 15 Pro 6.1"" - 256GB ROM + 8GB RAM - Nano Sim - 5g",1480000,1690000
"Iphone 15 Pro - 6.1"" - 256GB ROM + 8GB RAM -  Nano Sim - 5g",1480000,1690000
"Iphone 15 Pro - 6.1"" - 256GB ROM + 8GB RAM - Nano Sim - 5g - Natural",1480000,1690000
"Iphone 15 Pro - 6.1"" - 256GB ROM + 8GB RAM -  Nano Sim",1480000,1690000
"Iphone 15 Pro 6.1"" - 128GB ROM  + 8GB RAM - Nano Sim - 5g",1379999,1560000
"Iphone 15 Pro - 6.1"" - 128GB ROM + 8GB RAM - Nano Sim - 5g - Natural",1379999,1550000
"Iphone 15 Pro - 6.1"" - 128GB ROM + 8GB RAM -  Nano Sim - 5g.",1379999,1590000
"Iphone 15 Pro - 6.1"" - 128GB ROM + 8GB RAM -  Nano Sim",1379999,1530000
"Iphone 14 Pro Max - 6.7"" - 128GB ROM - 6GB RAM - 5g - 4323mAh - Purple",1100000,1300000
"Iphone 14 Pro Max - 6.7"" - 128GB ROM - 6GB RAM - 5g - 4323mAh - Gold",1100000,1300000
"Iphone 14 Pro Max - 6.7"" - 128GB ROM - 6GB RAM. - 5g - 4323mAh. - Silver",1100000,1300000
"Iphone 14 Pro Max - 6.7"" - 128GB ROM - 6GB RAM - 5g - 4323mAh",1100000,1300000
"Iphone 14 Pro Max - 6.7"" - 256GB ROM  - 6GB RAM -5g - 4323mAh - Purple",1170000,1300000
"Iphone 14 Pro Max - 6.7"" - 256GB ROM - 6GB RAM - 5g - 4323mAh",1170000,1300000
"Iphone 14 Pro Max - 6.7"" - 256GB ROM - 6GB RAM - - 5g - 4323mAh",1170000,1300000
"Iphone 14 - 6.1"" - 256GB ROM - 6GB RAM - 1sim +1 Esim - 5g - 3279mAh",819999,950000
"Iphone 14 - 6.1"" - 256GB ROM - 6GB RAM - Single Sim +1 Esim - 5g",819999,950000
"Iphone 14 - 256GB ROM  -  6GB RAM  - 1 Sim+1 Esim 6.1"" Genuine Super Retina Oled -5g",819999,950000
"Iphone 14 - 256GB ROM - 6GB  RAM  - 1 Sim+1 Esim 6.1"" Genuine Super Retina Oled 5g",819999,950000
"Iphone 14 - 6.1"" - 128GB ROM - 6GB RAM - 1sim +1 Esim - 5g - 3279mAh",740000,900000
"Iphone 14 - 6.1"" - 128GB ROM - 6GB RAM - Single Sim +1 Esim - 5g - 3279mAh",740000,900000
"Iphone 14 - 6.1"" - 128GB ROM - 6GB RAM - Single Sim +1 Esim",740000,900000
"Iphone 14 - 6.1"" - 128GB ROM - 6GB RAM - Single Sim +1 Esim",740000,900000
"Iphone 14 - 6.1"" - 128GB ROM- 6GB RAM - Single Sim +1 Esim - 5g",740000,980000
"iPhone 15 - 6.1"" - 128GB ROM - 6GB RAM - Nano SIM + eSIM - 5g - Black",1100000,1250000
"Iphone 14 Pro - 6.1"" - 128gb Rom - 6gb Ram - 1 Sim + Esim - 5g - 3200mah - Purple - Renewed",1050000,1050000
"Iphone 13 Pro 5g - 6.1"" - 128gb Rom - 6gb Ram - 1sim - Ios 15 - 3095mah - Renewed- Blue",770000,770000
"Iphone 12 Pro - 128gb Rom - 6gb Ram - 5g - 6.1"" - Ios 14.1 - 1 Sim - Renewed- Blue",570000,570000
"Iphone 12 Pro Max - 6.7"" - 128gb Rom - 6gb Ram- 5g - Single Sim - 3687mah- Renewed - Blue",740000,740000
"IPhone 14 - 6.1"" - 128GB ROM- 6GB RAM- Single Sim +1 Esim - 5g - 3279mAh - Yellow",890000,890000
"IPhone 14 - 6.1"" - 128GB ROM- 6GB RAM- Single Sim +1 Esim - 5g - 3279mAh - Midnight",890000,890000
"IPhone 14 - 6.1"" - 256GB ROM- 6GB RAM- Single Sim + Esim - 5g - 3279mAh - Blue",950000,950000
"IPhone 14 - 6.1"" - 256GB ROM- 6GB RAM- Single Sim + Esim - 5g - 3279mAh - Yellow",950000,950000
"IPhone 14 - 6.1"" - 256GB ROM- 6GB RAM- Single Sim + Esim - 5g - 3279mAh - Starlight",950000,950000
"IPhone 14 - 6.1"" - 256GB ROM- 6GB RAM- Single Sim + Esim - 5g - 3279mAh - Purple",950000,950000
"IPhone 14 - 6.1"" - 256GB ROM- 6GB RAM- Single Sim + Esim - 5g - 3279mAh - Red",950000,950000
"IPhone 14 - 6.1"" - 256GB ROM- 6GB RAM- Single Sim + Esim - 5g - 3279mAh - Midnight",950000,950000
"Iphone 14 - 6.1"" - 128GB ROM- 6GB RAM- Single Sim +1 Esim - 5g - 3279mAh - Purple",890000,890000
"Iphone 14 - 6.1"" - 128GB ROM- 6GB RAM- Single Sim +1 Esim - 5g - 3279mAh - Starlight",890000,890000
"IPhone 14 - 6.1"" - 128GB ROM- 6GB RAM- Single Sim +1 Esim - 5g - 3279mAh - Blue",890000,890000
"IPhone 14 - 6.1"" - 128GB ROM- 6GB RAM- Single Sim +1 Esim - 5g - 3279mAh - Red",890000,890000
"IPhone 12 Pro - 6.1"" - 256GB ROM - 6GB RAM - Single Sim - 2815mAh - Silver - Renewed",750000,750000
"IPhone 12 Pro - 6.1"" - 256GB ROM - 6GB RAM - Single Sim - 2815mAh - Gold- Renewed",750000,750000
"IPhone 12 Pro - 6.1"" - 256GB ROM - 6GB RAM - Single Sim - 2815mAh - Graphite - Renewed",750000,750000
"IPhone 12 Pro - 6.1"" - 256GB ROM - 6GB RAM - Single Sim - 2815mAh - Blue - Renewed",750000,750000
"IPhone 12 Pro - 6.1"" - 128GB ROM - 6GB RAM - Single Sim - 2815mAh - Silver - Renewed",670000,670000
"IPhone 12 Pro - 6.1"" - 128GB ROM - 6GB RAM - Single Sim - 2815mAh - Gold - Renewed",670000,670000
"IPhone 12 Pro - 6.1"" - 128GB ROM - 6GB RAM - Single Sim - 2815mAh - Graphite - Renewed",670000,670000
"IPhone 12 Pro - 6.1"" - 128GB ROM - 6GB RAM - Single Sim - 2815mAh - Blue - Renewed",670000,670000
"IPhone 12 - 6.1"" - 64GB ROM - 4GB RAM - Single Sim - 2815mAh - Black - Renewed",590000,590000
"IPhone 12 - 6.1"" - 64GB ROM - 4GB RAM - Single Sim - 2815mAh - Purple - Renewed",590000,590000
"IPhone 12 - 6.1"" - 64GB ROM - 4GB RAM - Single Sim - 2815mAh - Red - Renewed",590000,590000
"IPhone 12 - 6.1"" - 64GB ROM - 4GB RAM - Single Sim - 2815mAh - White - Renewed",590000,590000
"IPhone 12 - 6.1"" - 64GB ROM - 4GB RAM - Single Sim - 2815mAh - Green - Renewed",590000,590000
"Iphone 12 - 6.1"" - 64GB ROM - 4GB RAM - Single Sim - 2815mAh - Blue - Renewed",590000,590000
"IPhone 12 - 6.1"" - 128GB ROM- 4GB RAM - Single Sim - 2815mAh - Black - Renewed",590000,590000
"IPhone 12 - 6.1"" - 128GB ROM- 4GB RAM - Single Sim - 2815mAh - Purple - Renewed",590000,590000
"IPhone 12 - 6.1"" - 128GB ROM- 4GB RAM - Single Sim - 2815mAh - Red - Renewed",590000,590000
"IPhone 12 - 6.1"" - 128GB ROM- 4GB RAM - Single Sim - 2815mAh - Green - Renewed",590000,590000
"IPhone 12 - 6.1"" - 128GB ROM- 4GB RAM - Single Sim - 2815mAh - White - Renewed",590000,590000
"IPhone 12 - 6.1"" - 128GB ROM- 4GB RAM - Single Sim - 2815mAh - Blue - Renewed",590000,590000
iPhone 16 Pro 256GB Dual Sim Desert,1950000,1950000
iPhone 16 Pro 256GB  Dual Sim White,1950000,1950000
iPhone 16 Pro 256GB Dual Sim Natural,1950000,1950000
iPhone 16 Pro 256GB Dual Sim Black,1950000,1950000
iPhone 16 Pro 128GB Dual Sim Desert,1800000,1800000
"IPhone 12 Pro - 6.1"" - 256gb Rom - 6gb Ram - Single Sim - 2815mah - Silver - Renewed",750000,750000
"IPhone 12 Pro - 6.1"" - 256gb Rom - 6gb Ram - Single Sim - 2815mah -gold- Renewed",750000,750000
"IPhone 12 Pro - 6.1"" - 256gb Rom - 6gb Ram - Single Sim - 2815mah - Graphite - Renewed",750000,750000
"IPhone 12 Pro - 6.1"" - 256gb Rom - 6gb Ram - Single Sim - 2815mah - Blue - Renewed",750000,750000
"IPhone 12 Pro - 6.1"" - 128gb Rom - 6gb Ram - Single Sim - 2815mah - Silver - Renewed",670000,670000
"IPhone 12 Pro - 6.1"" - 128gb Rom - 6gb Ram - Single Sim - 2815mah - Gold - Renewed",670000,670000
"IPhone 12 Pro - 6.1"" - 128gb Rom - 6gb Ram - Single Sim - 2815mah - Graphite - Renewed",670000,670000
"IPhone 12 Pro - 6.1"" - 128gb Rom - 6gb Ram - Single Sim - 2815mah - Blue - Renewed",670000,670000
"IPhone 12 - 6.1"" - 128gb Rom - 4gb Ram - Single Sim - 2815mah - Red - Renewed",590000,590000
"IPhone 12 - 6.1"" - 128gb Rom - 4gb Ram - Single Sim - 2815mah - White - Renewed",590000,590000
"IPhone 12 - 6.1"" - 128gb Rom - 4gb Ram - Single Sim - 2815mah - Black - Renewed",590000,590000
"IPhone 12 - 6.1"" - 128GB ROM - 4GB RAM - Single Sim - 2815mAh - Purple - Renewed",590000,590000
"IPhone 12 - 6.1"" - 128GB ROM- 4GB RAM - Single Sim - 2815mAh - Blue - Renewed",590000,590000
"IPhone 12 - 6.1"" - 64GB ROM - 4GB RAM - Single Sim - 2815mAh - Red - Renewed",590000,590000
"IPhone 12 - 6.1"" - 64GB ROM - 4GB RAM - Single Sim - 2815mAh - White - Renewed",590000,590000
"IPhone 12 - 6.1"" - 64GB ROM - 4GB RAM- Single Sim - 2815mAh - Black - Renewed",590000,590000
"IPhone 12 - 6.1"" - 64GB ROM - 4GB RAM - Single Sim - 2815mAh - Purple - Renewed",590000,590000
"IPhone 12 - 6.1"" - 64GB ROM - 4GB RAM - Single Sim - 2815mAh - Blue - Renewed",590000,590000
iPhone 16 Pro 512GB Single Sim Desert,2200000,2200000
iPhone 16 Pro 512GB Single Sim White,2200000,2200000
iPhone 16 Pro 512GB Single Sim Natural,2200000,2200000
iPhone 16 Pro 512GB Single Sim Black,2200000,2200000
iPhone 16 Pro 512GB Dual Sim Desert,2300000,2300000
iPhone 16 Pro 512GB Dual Sim White,2300000,2300000
iPhone 16 Pro 512GB Dual Sim Natural,2300000,2300000
iPhone 16 Pro 512GB Dual Sim Black,2300000,2300000
"IPhone 13 Pro Max - 6.7"" - 128GB ROM - 6GB RAM - Single Sim - IOS 15 - 4352mAh - Gold",837000,837000
"IPhone 13 - 6.1"" - 128GB ROM - 4GB RAM - Single Sim - IOS 15 - 3240mAh - Midnight",619000,619000
"IPhone 13 - 6.1"" - 128GB ROM - 4GB RAM - Single Sim - IOS 15 - 3240mAh - Green",619000,619000
"IPhone 13 - 6.1"" - 128GB ROM - 4GB RAM - Single Sim - IOS 15 - 3240mAh - Blue",619000,619000
"IPhone 13 - 6.1"" - 256GB ROM - 4GB RAM - Single Sim - IOS 15 - 3240mAh - Midnight",694000,694000
"IPhone 13 - 6.1"" - 256GB ROM - 4GB RAM - Single Sim - IOS 15 - 3240mAh - Green",694000,694000
"IPhone 13 - 6.1"" - 256GB ROM - 4GB RAM - Single Sim - IOS 15 - 3240mAh - Blue",694000,694000
"IPhone 13 Pro Max - 6.7"" - 128GB ROM - 6GB RAM - Single Sim - IOS 15 - 4352mAh - Graphite",837000,837000
"IPhone 13 Pro Max - 6.7"" - 128GB ROM - 6GB RAM - Single Sim - IOS 15 - 4352mAh - Blue",837000,837000
"IPhone 13 Pro Max - 6.7"" - 256GB ROM - 6GB RAM - Single Sim - IOS 15 - 4352mAh - Graphite",915000,915000
"IPhone 13 Pro Max - 6.7"" - 256GB ROM - 6GB RAM - Single Sim - IOS 15 - 4352mAh - Gold",915000,915000
"IPhone 13 Pro Max - 6.7"" - 256GB ROM - 6GB RAM - Single Sim - IOS 15 - 4352mAh - Blue",915000,915000
Iphone 16 256GB White,1420000,1500000
iPhone 16 256GB Black,1420000,1500000
iPhone 16 256GB Pink,1420000,1500000
iPhone 16 256GB Teal,1420000,1500000
iPhone 16 256GB Ultramarine,1420000,1500000
iPhone 16 128GB White,1220000,1450000
iPhone 16 128GB Black,1220000,1450000
iPhone 16 128GB Pink,1220000,1450000
iPhone 16 128GB Teal,1220000,1450000
iPhone 16 128GB Ultramarine,1260000,1450000
"IPhone 13 Pro Max - 6.7"" - 256GB ROM - 6GB RAM - Single Sim - IOS 15 - 4352mAh - Blue - Renewed",915000,915000
"IPhone 13 Pro Max - 6.7"" - 256GB ROM - 6GB RAM - Single Sim - IOS 15 - 4352mAh - Gold - Renewed",915000,915000
"IPhone 13 Pro Max - 6.7"" - 256GB ROM - 6GB RAM - Single Sim - IOS 15 - 4352mAh - Graphite",915000,915000
"IPhone 13 Pro Max - 6.7"" - 128GB ROM - 6GB RAM - Single Sim - IOS 15 - 4352mAh - Blue",837000,837000
"IPhone 13 Pro Max - 6.7"" - 128GB ROM - 6GB RAM - Single Sim - IOS 15 - 4352mAh - Gold - Renewd",837000,837000
"IPhone 13 Pro Max - 6.7"" - 128GB ROM - 6GB RAM - Single Sim - IOS 15 - 4352mAh - Graphite - Renewed",837000,837000
"IPhone 13 - 6.1"" - 256GB ROM - 4GB RAM - Single Sim - IOS 15 - 5G - 3240mAh - Blue - Renewed",694000,694000
"IPhone 13 - 6.1"" - 256GB ROM - 4GB RAM - Single Sim - IOS 15 - 5G - 3240mAh - Green",694000,694000
"IPhone 13 - 6.1"" - 256GB ROM - 4GB RAM - Single Sim - IOS 15 - 5G - 3240mAh - Midnight - Renewed",694000,694000
"IPhone 13 - 6.1"" - 128GB ROM - 4GB RAM - Single Sim - IOS 15 - 5G - 3240mAh - Blue",619000,619000
"IPhone 13 - 6.1"" - 128GB ROM - 4GB RAM - Single Sim - IOS 15 - 5G - 3240mAh - Green",619000,619000
"IPhone 13 - 6.1"" - 128GB ROM - 4GB RAM - Single Sim - IOS 15 - 3240mAh - Midnight - Renewed",619000,619000
iPhone 16 Pro 5G - 1TB - Single SIM - Desert,2700000,2700000
iPhone 16 Pro 5G - 1TB - Single SIM - White,2700000,2700000
iPhone 16 Pro 5G - 1TB - Single SIM - Natural,2700000,2700000
iPhone 16 Pro 5G - 1TB - Single SIM - Black,2700000,2700000
"iPhone 15 Pro Max 5G - 6.7"" - 256GB ROM - 8GB RAM - Nano SIM - 4441mAh - White",1850000,1850000
"iPhone 15 Pro Max 5G - 6.7"" - 256GB ROM - 8GB RAM - Nano SIM - 4441mAh - Black",1850000,1850000
"iPhone 15 Pro Max 5G - 6.7"" - 256GB ROM - 8GB RAM - Nano SIM - 4441mAh - Natural",1850000,1850000
"iPhone 15 Pro Max 5G - 6.7"" - 256GB ROM - 8GB RAM - Nano SIM - 4441mAh - Blue",1850000,1850000
iPhone 16 Pro Max 1TB Dual Sim Desert,2900000,2900000
iPhone 16 Pro Max 1TB Dual Sim White,2900000,2900000
iPhone 16 Pro Max 1TB Dual Sim Natural,2900000,2900000
iPhone 16 Pro Max 1TB Dual Sim Black,2900000,2900000
iPhone 16 Pro Max  512GB Dual Sim Desert,2500000,2500000
iPhone 16 Pro Max 512GB Dual Sim White,2500000,2500000
iPhone 16 Pro Max  512GB Dual Sim Natural,2500000,2500000
iPhone 16 Pro Max Dual Sim 512GB Black,2500000,2500000
iPhone 16 Pro Max 256GB Dual Sim Desert,2200000,2200000
iPhone 16 Pro Max 5G 256GB Dual Sim White,2200000,2200000
iPhone 16 Pro Max 256GB Dual Sim Natural,2200000,2200000
iPhone 16 Pro Max 256GB Dual Sim  Black,2200000,2200000
"Iphone 16 Pro 5g - 6.3"" - 128GB ROM - 8GB RAM - Nano Sim - Ios 18 - Face Id - 3582mAh - Natural",1550000,1550000
"iPhone 16 Pro Max 5G - 6.9"" - 1TB ROM - 8GB RAM - Nano SIM - iOS 18 - Face ID - 4685mAh - Desert",2650000,2650000
"iPhone 16 Pro Max 5G - 6.9"" - 1TB ROM - 8GB RAM - Nano SIM - iOS 18 - Face ID - 4685mAh - White",2650000,2650000
"iPhone 16 Pro Max 5G - 6.9"" - 1TB ROM - 8GB RAM - Nano SIM - iOS 18 - Face ID - 4685mAh - Natural",2650000,2650000
"iPhone 16 Pro Max 5G - 6.9"" - 1TB ROM - 8GB RAM - Nano SIM - iOS 18 - Face ID - 4685mAh - Black",2650000,2650000
"iPhone 16 Pro Max 5G - 6.9"" - 512GB ROM - 8GB RAM - Nano SIM - iOS 18 - Face ID - 4685mAh - Desert",2300000,2300000
"iPhone 16 Pro Max 5G - 6.9"" - 512GB ROM - 8GB RAM - Nano SIM - iOS 18 - Face ID - 4685mAh - White",2300000,2300000
"iPhone 16 Pro Max 5G - 6.9"" - 512GB ROM - 8GB RAM - Nano SIM - iOS 18 - Face ID - 4685mAh - Natural",2300000,2300000
"iPhone 16 Pro Max 5G - 6.9"" - 512GB ROM - 8GB RAM - Nano SIM - iOS 18 - Face ID - 4685mAh - Black",2300000,2300000
"iPhone 16 Pro Max 5G - 6.9"" - 256GB ROM - 8GB RAM - Nano SIM - iOS 18 - Face ID - 4685mAh - Desert",1950000,1950000
"iPhone 16 Pro Max 5G - 6.9"" - 256GB ROM - 8GB RAM - Nano SIM - iOS 18 - Face ID - 4685mAh - White",1950000,1950000
"iPhone 16 Pro Max 5G - 6.9"" - 256GB ROM - 8GB RAM - Nano SIM - iOS 18 - Face ID - 4685mAh - Natural",1950000,1950000
"iPhone 16 Pro Max 5G - 6.9"" - 256GB ROM - 8GB RAM - Nano SIM - iOS 18 - Face ID - 4685mAh - Black",1950000,1950000
"iPhone 16 Pro 5G - 6.3"" - 256GB ROM - 8GB RAM - Nano SIM - iOS 18 - Face ID - 3582mAh - Desert",1820000,1820000
"iPhone 16 Pro 5G - 6.3"" - 256GB ROM - 8GB RAM - Nano SIM - iOS 18 - Face ID - 3582mAh - White",1820000,1820000
"iPhone 16 Pro 5G - 6.3"" - 256GB ROM - 8GB RAM - Nano SIM - iOS 18 - Face ID - 3582mAh - Natural",1820000,1820000
"iPhone 16 Pro 5G - 6.3"" - 256GB ROM - 8GB RAM - Nano SIM - iOS 18 - Face ID - 3582mAh - Black",1820000,1820000
"iPhone 16 Pro 5G - 6.3"" - 128GB ROM - 8GB RAM - Nano SIM - iOS 18 - Face ID - 3582mAh - Desert",1550000,1550000
"iPhone 16 Pro 5G - 6.3"" - 128GB ROM - 8GB RAM - Nano SIM - iOS 18 - Face ID - 3582mAh - White",1550000,1550000
"iPhone 16 Pro 5G - 6.3"" - 128GB ROM - 8GB RAM - Nano SIM - iOS 18 - Face ID - 3582mAh - Black",1550000,1550000
"iPhone 16 Plus 5G - 6.7"" - 256GB ROM - 8GB RAM - Nano SIM - iOS 18 - Face ID - 4674mAh - Pink",1530000,1530000
"iPhone 16 Plus 5G - 6.7"" - 256GB ROM - 8GB RAM - Nano SIM - iOS 18 - Face ID - 4674mAh - White",1500000,1500000
"iPhone 16 Plus 5G - 6.7"" - 256GB ROM - 8GB RAM - Nano SIM - iOS 18 - Face ID - 4674mAh - Teal",1500000,1500000
"iPhone 16 Plus 5G - 6.7"" - 256GB ROM - 8GB RAM - Nano SIM - iOS 18 - Face ID - 4674mAh - Black",1500000,1500000
"iPhone 16 Plus 5G - 6.7"" - 256GB ROM - 8GB RAM - Nano SIM - iOS 18 - Face ID - 4674mAh - Ultramarine",1500000,1500000
"iPhone 16 Plus 5G - 6.7"" - 128GB ROM - 8GB RAM - Nano SIM - iOS 18 - Face ID - 4674mAh - Pink",1390000,1390000
"iPhone 16 Plus 5G - 6.7"" - 128GB ROM - 8GB RAM - Nano SIM - iOS 18 - Face ID - 4674mAh - White",1360000,1360000
"iPhone 16 Plus 5G - 6.7"" - 128GB ROM - 8GB RAM - Nano SIM - iOS 18 - Face ID - 4674mAh - Teal",1360000,1360000
"iPhone 16 Plus 5G - 6.7"" - 128GB ROM - 8GB RAM - Nano SIM - iOS 18 - Face ID - 4674mAh - Black",1360000,1360000
"iPhone 16 Plus 5G - 6.7"" - 128GB ROM - 8GB RAM - Nano SIM - iOS 18 - Face ID - 4674mAh - Ultramarine",1360000,1360000
"iPhone 16 5G - 6.1"" - 256GB ROM - 8GB RAM - Nano SIM - iOS 18 - Face ID - 3561mAh - Pink",1350000,1350000
"iPhone 16 5G - 6.1"" - 256GB ROM - 8GB RAM - Nano SIM - iOS 18 - Face ID - 3561mAh - White",1350000,1350000
"iPhone 16 5G - 6.1"" - 256GB ROM - 8GB RAM - Nano SIM - iOS 18 - Face ID - 3561mAh - Teal",1350000,1350000
"iPhone 16 5G - 6.1"" - 256GB ROM - 8GB RAM - Nano SIM - iOS 18 - Face ID - 3561mAh - Black",1350000,1350000
"iPhone 16 5G - 6.1"" - 256GB ROM - 8GB RAM - Nano SIM - iOS 18 - Face ID - 3561mAh - Ultramarine",1350000,1350000
"iPhone 16 5G - 6.1"" - 128GB ROM - 8GB RAM - Nano SIM - iOS 18 - Face ID - 3561mAh - Pink",1150000,1150000
"iPhone 16 5G - 6.1"" - 128GB ROM - 8GB RAM - Nano SIM - iOS 18 - Face ID - 3561mAh - White",1150000,1150000
"iPhone 16 5G - 6.1"" - 128GB ROM - 8GB RAM - Nano SIM - iOS 18 - Face ID - 3561mAh - Teal",1150000,1150000
"iPhone 16 5G - 6.1"" - 128GB ROM - 8GB RAM - Nano SIM - iOS 18 - Face ID - 3561mAh - Black",1150000,1150000
"iPhone 16 5G - 6.1"" - 128GB ROM - 8GB RAM - Nano SIM - iOS 18 - Face ID - 3561mAh - Ultramarine",1150000,1150000
"iPhone 16 - 6.1"" 256GB - iOS 18 - A18 Bionic Super Retina Xdr Oled Display -5g - White",1420000,1500000
"iPhone 16 - 6.1"" -256GB iOS 18 - A18 Bionic Super Retina Xdr Oled Display -5g -Pink",1420000,1500000
"iPhone 16 - 6.1"" 256GB -iOS 18 - A18 Bionic Super Retina Xdr Oled Display -5g - Black",1420000,1500000
"iPhone 16 - 6.1"" - 256GB - iOS 18 - A18 Bionic Super Retina Xdr Oled Display -5g - Teal",1420000,1500000
"iPhone 16 - 6.1"" iOS 18 - 256GB A18 Bionic Super Retina Xdr Oled Display -5g -ultramarine",1420000,1500000
"iPhone16 - 6.1"" iOS 18 - 128GB A18 Bionic Super Retina Xdr Oled Display -5g - White",1220000,1300000
"iPhone16 - 6.1"" iOS 18 - 128GB A18 Bionic Super Retina Xdr Oled Display -5g -Pink",1220000,1300000
"iPhone 16 - 6.1"" Ios 18 - 128gb A18 Bionic Super Retina Xdr Oled Display -5G - Black",1220000,1300000
"iPhone 16 - 6.1"" iOS 18 - 128GB A18 Bionic Super Retina Xdr Oled Display -5g - Teal",1220000,1300000
"iPhone 16 - 6.1"" iOS 18  - 128GB  A18 Bionic Super Retina Xdr Oled Display -5g -Ultramarine",1220000,1300000
"Iphone 14 Pro Max - 6.7"" - 256GB ROM - 6GB RAM - 1 Sim + Esim - 5g - 4323mAh - Silver - Renewed",1400000,1400000
"Iphone 14 Pro Max - 6.7"" - 256GB ROM - 6GB RAM - 1 Sim + Esim - 5g - 4323mAh - Purple - Renewed",1400000,1400000
"Iphone 14 Pro Max - 6.7"" - 256GB ROM - 6GB RAM - 1 Sim + Esim - 5g - 4323mAh - Gold - Renewed",1400000,1400000
"Iphone 14 Pro Max - 6.7"" - 256GB ROM - 6GB RAM - 1 Sim + Esim - 5g - 4323mAh - Black - Renewed",1400000,1400000
"Iphone 14 Pro Max - 6.7"" - 128GB ROM - 6GB RAM - 1 Sim + Esim - 5g - 4323mAh - Silver - Renewed",1350000,1350000
"Iphone 14 Pro Max - 6.7"" - 128GB ROM - 6GB RAM - 1 Sim + Esim - 5g - 4323mAh - Gold - Renewed",1350000,1350000
"Iphone 14 Pro Max - 6.7"" - 128GB ROM - 6GB RAM - 1 Sim + Esim - 5g - 4323mAh - Purple - Renewed",1350000,1350000
"IPhone 14 Pro Max - 6.7"" - 128GB ROM - 6GB RAM - 1 Sim + Esim - 5G - 4323mAh - Black - Renewed",1350000,1350000
"Iphone 14 Pro - 6.1"" - 256GB ROM - 6GB RAM - 1 Sim + Esim - 5g - 3200mAh - Purple - Renewed",1300000,1300000
"Iphone 14 Pro - 6.1"" - 256GB ROM - 6GB RAM - 1 Sim + Esim - 5g - 3200mAh - Gold - Renewed",1300000,1300000
"Iphone 14 Pro - 6.1"" - 256GB ROM - 6GB RAM - 1 Sim + Esim - 5g - 3200mAh - Silver - Renewed",1300000,1300000
"Iphone 14 Pro - 6.1"" - 256GB ROM - 6GB RAM - 1 Sim + Esim - 5g - 3200mAh - Black - Renewed",1300000,1300000
"Iphone 14 Pro - 6.1"" - 128GB ROM - 6GB RAM - 1 Sim + Esim - 5g - 3200mAh - Silver - Renewed",1250000,1250000
"Iphone 14 Pro - 6.1"" - 128GB ROM - 6GB RAM - 1 Sim + Esim - 5g - 3200mAh - Purple - Renewed",1250000,1250000
"Iphone 14 Pro - 6.1"" - 128GB ROM - 6GB RAM - 1 Sim + Esim - 5g - 3200mAh - Gold - Renewed",1250000,1250000
"IPhone 14 Pro - 6.1"" - 128GB ROM - 6GB RAM - 1 sim + Esim - 5G - 3200mAh - Black - Renewed",1250000,1250000
"Iphone 15 Pro - 6.1"" - 128GB ROM - 8GB RAM - 1 Sim + Esim - 5g - 3274mAh - Natural Titanium",1500000,1500000
"IPhone 15 Pro - 6.1"" - 128GB ROM - 8GB RAM - 1 Sim + Esim - 5G - 3274mAh - Blue",1500000,1500000
"IPhone 15 Pro - 6.1"" - 128GB ROM - 8GB RAM - 1 Sim + Esim - 5g - 3274mAh - White",1500000,1500000
"IPhone 15 Pro - 6.1"" - 128GB ROM - 8GB RAM - 1 Sim + Esim - 5g - 3274mAh - Black",1500000,1500000
"IPhone 15 Pro - 6.1"" - 256GB ROM - 8GB RAM - 1 Sim + Esim - 5g - 3274mAh - Blue",1650000,1650000
"IPhone 15 Pro - 6.1"" - 256GB ROM - 8GB RAM - 1 Sim + Esim - 5g - 3274mAh - White",1650000,1650000
"IPhone 15 Pro - 6.1"" - 256GB ROM - 8GB RAM - 1 Sim + Esim - 5g - 3274mAh - Natural Titanium",1650000,1650000
"IPhone 15 Pro - 6.1"" - 256GB ROM - 8GB RAM - 1 Sim + Esim - 5g - 3274mAh - Black",1650000,1650000
"IPhone 15 Pro Max - 6.7"" - 256GB ROM - 8GB RAM - 1 Sim + Esim - 5g - 4441mAh - Black",1800000,1800000
"IPhone 15 Pro Max - 6.7"" - 256GB ROM - 8GB RAM - 1 Sim + Esim - 5g - 4441mAh - Blue",1800000,1800000
"Iphone 15 Pro Max - 6.7"" - 256GB ROM - 8GB RAM - 1 Sim + Esim - 5g - 4441mAh - Natural Titanium",1800000,1800000
"Iphone 15 Pro Max - 6.7"" - 256GB ROM - 8GB RAM - 1 Sim + Esim - 5g - 4441mAh - White",1800000,1800000
"Iphone 15 Pro Max - 6.7"" - 512GB ROM - 8GB RAM - 1 Sim + Esim - 5g - 4441mAh - Black",1900000,1900000
"Iphone 15 Pro Max - 6.7"" - 512GB ROM - 8GB RAM - 1 Sim + Esim - 5g - 4441mAh - Blue",1900000,1900000
"IPhone 15 Pro Max - 6.7"" - 512GB ROM - 8GB RAM - 1 Sim + Esim - 5g - 4441mAh - White",1900000,1900000
"IPhone 15 Pro Max - 6.7"" - 512GB ROM - 8GB RAM - 1 Sim + Esim - 5g - 4441mAh - Natural Titanium",1900000,1900000
"Iphone 12 Pro - 128GB ROM - 6GB RAM - 5g - 6.1"" - Ios 14.1 - 1 Sim + E-sim - renewed",589999,750000
"Iphone 12 Pro - 6.1"" - 256GB ROM - 6GB RAM - Face Id Unlock - 5g - 1 Sim & E-sim - renewed",599999,700000
"Iphone 12 Pro - 6.1"" - 256GB ROM - 6GB RAM - Face Id Unlock - 5g - 1 Sim & E-sim - renewed",599999,700000
"Iphone 12 Pro - 6.1"" - 256GB ROM - 6GB RAM - Face Id Unlock - 5g - 1 Sim & E-sim - renewed",599999,700000
"Iphone 12 Pro - 6.1"" - 256GB ROM - 6GB RAM - Face Id Unlock - 5g - 1 Sim & E-sim- renewed",599999,700000
"Iphone 12 - 6.1"" - 4GB RAM - 64GB ROM - Face Id - Oled Screen- Single Sim - renewed",400000,550000
"Iphone 12 - 6.1"" - 4GB RAM - 128GB ROM - Oled Screen- Single Sim - 2815mAh - renewed",470000,650000
"Iphone 12 - 6.1"" - 4GB RAM - 128GB ROM - Single Sim - 2815mAh - renewed",470000,650000
"Iphone 12 - 6.1"" - 4GB RAM - 128GB ROM - Single Sim - 2815mAh- renewed",470000,650000
"Iphone 12 Pro Max - 6.7"" - 256GB ROM - 6GB RAM- 5g - Single Sim - 5000mAh' renewed",740000,900000
"Iphone 12 Pro Max - 6.7"" - 256GB ROM - 6GB RAM - 5g - Single Sim - 5000mAh - renewed",740000,900000
"Iphone 12 Pro Max - 6.7"" - 128GB ROM - 6GB RAM - 5g - Single Sim - 5000mAh - renewed",699999,850000
"Iphone 12 Pro - 6.1"" - 256GB ROM - 6GB RAM - - 5g - 1 Sim & E-sim- renewed",599999,720000
"Iphone 13 Pro - 6GB RAM -128GB ROM - 6.1"" Super Retina Oled -a15 Ios - Face Id - 1 Sim+e-sim- renewed",770000,800000
"Iphone 13 Pro -6GB RAM -128GB ROM - 6.1"" Super Retina Oled -a15 Ios - Face Id - 1 Sim+e-sim - renewed",770000,800000
"Iphone 13 Pro - 6GB RAM - 256GB ROM - 6.1""inc Super Retina Oled  - 1 Sim+e-sim - renewed",829999,900000
"Iphone 13 Pro - 6GB RAM - 128GB ROM - 6.1"" Super Retina Oled  - Face Id 1 Sim+e-sim- renewed",770000,800000
"Iphone 13 Pro- 6GB RAM - 128GB ROM - 6.1"" Super Retina Oled -a15 Ios  1 Sim+e-sim-  renewed",769999,800000
"Iphone 13 Pro - 6GB RAM - 128GB ROM - 6.1"" Super Retina Oled - Face Id - 1 Sim+e-sim - renewed",769999,800000
"Iphone 13 Pro - 6GB RAM - 256GB ROM - 6.1"" Super Retina Oled - Face Id - 1 Sim+e-sim-renewed",829999,900000
"Iphone 13 Pro - 6GB RAM - 256GB ROM - 6.1""inc Super Retina Oled  - 1 Sim+e-sim-renewed",829999,900000
"Iphone 13 Pro - 6GB RAM -256GB ROM - 6.1""inc Super Retina Oled - Face Id -1 Sim+e-sim-renewed",829999,900000
"Iphone 13 Pro Max - 6GB RAM - 128GB ROM - 6.1""inc Super Retina Oled - 1 Sim+e-sim-renewed",848999,900000
"iPhone 12 Pro Max - 6.7"" - 256GB - 5g - Single Sim - 5000mAh - Renewed",740000,890000
"iPhone 12 Pro Max - 6.7"" - 128GB - 5g - Single Sim - 5000mAh - Renewed",690000,750000
"iPhone 12 Pro Max - 6.7"" - 128GB - 5g - Single Sim - 5000mAh - Renewed",690000,750000
"Iphone 12 - 6.1"" -4GB RAM - 64GB ROM  - Face Id - Oled Screen- Single Sim renewed",400000,550000
"Iphone 12 - 6.1"" - 4GB RAM - 64GB ROM - Face Id - Oled Screen renewed",400000,550000
"iPhone 12 Pro - 6.1"" - 128gb Rom- Nano Sim - 1 Sim & E-sim - Renewed",589999,750000
iPhone 12 Pro - 128gb Rom - iOS 14.1 - 1 Sim & E-sim - Renewed,589999,750000
iPhone 12 Pro - 128GB - iOS 14.1 - 1 Sim & E-sim -Renewed,589999,750000
"iPhone one 13 Pro - 256gb Rom - 6.1""inc Super Retina Oled -a15 Ios - 1 Sim+e-sim- renewed",829999,900000
"iPhone 13 Pro Max - 256gb - 6.1""inc Super Retina Oled -a15 Ios - 1 Sim+e-sim- Renewed",920000,980000
"iPhone 13 Pro Max - 256GB- 6.1""inc Super Retina Oled -a15 Ios- 1 Sim+e-sim- renewed",920000,980000
"iPhone 13 Pro Max 6.1"" - 256gb -  1 Sim+e-sim Super Retina Oled. - Renewed",920000,980000
"iPhone 13 - 6.1""- 1sim+ E-sim - 4gb Ram - 128gb Rom - Super Retina - Oled - 3240mah- Renewed",619999,700000
"iPhone 13 - 6.1""- 1sim+ E-sim - 4gb Ram - 128gb Rom - Super Retina - 3240mah- Renewed",619999,700000
"iPhone 13 - 6.1""- 1sim+ E-sim - 4gb Ram - 128gb Rom - Super Retina -Renewed",619999,700000
"iPhone 13 - 6.1""- 1sim+ E-sim - 128GB- Super Retina Xdr Oled-Renewed",619999,700000
"iPhone 13 Pro Max 6.1"" 256gb - 1 Sim+e-sim  Super Retina Oled- Renewed",920000,980000
"iPhone 13 Pro Max 6.1"" - 256gb Ios Sim+e-sim Super Retina Oled- renewed",920000,980000
"iPhone 13 Pro Max - 128GB - 6.1""inc Super Retina Oled - 1 Sim+e-sim - Renewed",848999,900000
"iPhone 13 - 6.1""- 1sim+ E-sim -128GB - Super Retina - Xdr Oled - 3240mAh- Renewed",619999,700000
"iPhone 13 Pro Max- 128GB - 6.1""inc Super Retina Oled -a15 iOS - 1 Sim+e-sim - Renewed",848999,900000
"iPhone 13 Pro Max -128GB - 6.1""inc Super Retina Oled -a15 iOS - 1 Sim+e-sim- Renewed",848999,900000
"Iphone 11 Pro - 5.8"" - 64GB ROM - 4GB RAM - 4g Lte - Single Sim - 3046mAh - Green - Renewed",449999,500000
"Iphone 12 Pro Max - 6.7"" - 256GB ROM - 6GB RAM - 5g - Single Sim - 5000mAh - Renewed",740000,890000
"Iphone 12 Pro Max - 6.7"" - 256GB ROM - 6GB RAM - 5g - Single Sim - 5000mAh - Renewed",740000,890000
"Iphone Xr - 6.1"" - 3GB RAM - 64GB ROM - Wifi + 4g - Nano Sim - 3000mAh - Black - Renewed",328999,480000
"Iphone Xr - 6.1"" - 3GB RAM - 64GB ROM - Wifi + 4g - Nano Sim - 3000mAh - Renewed",328999,480000
"Iphone Xr - 6.1"" - 3GB RAM - 128GB ROM - Wifi + 4g - Nano Sim - 3000mAh - Black - Renewed",369000,480000
"Iphone Xr - 6.1"" - 3GB RAM - 64GB ROM - Wifi + 4g - Nano Sim - 3000mAh - Blue - Renewed",328999,480000
"Iphone Xr - 6.1"" - 3GB RAM - 128GB ROM - Wifi + 4g - Nano Sim - 3000mAh - Blue - Renewed",369900,480000
"Iphone 8 - 4.7"" - 64GB ROM - 2GB RAM - Wifi + 4g - Nano Sim - 3000mAh - Black - Renewed",189000,250000
"Iphone 8 - 4.7"" - 64GB ROM - 2GB RAM - Wifi + 4g - Nano Sim - 3000mAh - Silver - Renewed",189000,195000
"Iphone 8 - 4.7"" - 64GB ROM - 2GB RAM - Wifi + 4g - Nano Sim - 3000mAh - Gold - Renewed",189000,245000
"Iphone 11 - 6.1"" - 64GB ROM + 4GB RAM - Wifi +4g - Nano Sim - 3110mAh - Green - Renewed",415000,500000
"Iphone 11 - 6.1"" - 64GB ROM + 4GB RAM - Wifi +4g - Nano Sim - 3110mAh - White - Renewed",415000,500000
"Iphone 11 - 6.1"" - 128GB ROM + 4GB RAM - Wifi + 4g - Nano Sim - 3110mAh - Renewed",450000,500000
"Iphone 11 - 6.1"" - 128GB ROM + 4GB RAM - Wifi + 4g - Nano Sim - 3110mAh - Purple - Renewed",450000,500000
"Iphone 11 - 6.1"" - 64GB ROM + 4GB RAM - Wifi + 4g - Nano Sim - 3110mAh - Purple - Renewed",399999,450000
"Iphone 11 - 6.1"" - 128GB ROM + 4GB RAM - Wifi + 4g - Nano Sim - 3000mAh - Black - Renewed",459995,505000
"Iphone 8 - 4.7"" - 64GB ROM - 2GB RAM - Wifi + 4g - Nano Sim - Red - Renewed",179899,195000
"iPhone 11 - 6.1"" - 64GB ROM + 4GB RAM - Wifi + 4g - Nano Sim - 3110mAh - Green - Renewed",399999,505000
"Iphone Xr - 6.1"" - 64GB ROM - 3GB RAM - Wifi + 4g - Nano Sim - 3000mAh - Renewed",328999,390000
"Iphone 11 Pro Max - 5.8"" - 64GB ROM - 4GB RAM - 4g Lte - Single And E-sim - 3969mAh - Renewed",539999,620000
"Iphone 11 Pro Max - 5.8"" - Single Sim - 64GB ROM - 4GB RAM - 4g Lte - Single Sim - 3969mAh - Renewed",529999,620000
"Iphone 11 Pro - 5.8"" - 64GB ROM - 4GB RAM - 4g Lte - Single Sim Apple - Renewed",449999,500000
Iphone 11 Pro Max - Face Id - Single Sim- 64GB ROM - 4GB RAM - 4g Lte - 3969mAh - Renewed,519000,600000
"Iphone 13 Pro Max - 6GB RAM - 128GB ROM - 6.1""inc Super Retina Oled -a15 Ios 1 Sim+e-sim - Renewed",848999,900000
"iPhone 15 Pro Max - 6.7"" - 256GB ROM - Natural Titanium - 4422mAh - Renewed",1564000,1600000
iPhone 15 Pro - 128GB - Blue Titanium - 1 Physical Sim + 1 Esim - 3274mAh - Renewed,1289999,1300000
"iPhone 15 Pro Max - 6.7"" - 256GB ROM - Blue Titanium - 4,422mAh - Renewed",1564000,1600000
"iPphone 15 Pro Max - 6.7"" - 256GB ROM - Black Titanium - 4422mAh - Renewed",1564000,1600000
"iPhone 15 Pro Max - 6.7"" - 256GB ROM - White Titanium - 4422mAh - Renewed",1564000,1600000
iPhone 15 Pro - 256GB Black Titanium - 1 Physical Sim + 1 Esim - 3274mAh - Renewed,1389999,1430000
iPhone 15 Pro - 256GB Blue Titanium - 1 Physical Sim + 1 Esim - 3274mAh - Renewed,1389999,1430000
iPhone 15 Pro - 256GB Natural Titanium - 1 Physical Sim + 1 Esim - 3274mAh - Renewed,1389999,1430000
iPhone 15 Pro - 256GB White Titanium - 1 Physical Sim + 1 Esim - 3274mAh - Renewed,1389999,1430000
iPhone 15 Pro - 128GB White Titanium - 1 Physical Sim + 1 Esim - 3274mAh - Renewed,1289999,1300000
iPhone 15 Pro - 128GB Natural Titanium - 1 Physical Sim + 1 Esim - Renewed,1289999,1300000
"iPhone 15 - 5G - 6.1""- Black Titanium - 128GB - 1Sim + E-sim- Renewed",970000,1000000
"iPhone 15 - 5G - 6.1""- Oled - 256GB - 1Sim + E-sim- Renewed",1080000,1130000
"iPhone 15 - 5G - 6.1""- Oled - 256GB - 1Sim + E-sim- Renewed",1080000,1130000
"iPhone 15 - 5G - 6.1""- Oled - 128GB - 1Sim + E-sim- Renewed",970000,1000000
"iPhone 15 - 5G - 6.1""- Oled - 128GB - 1Sim + E-sim- Renewed",970000,1000000
"iPhone 11 - 6.1"" -64GB ROM - 4GB RAM - Single Sim & E-sim - White - Renewed",494999,595000
"iphone 11 - 6.1"" - 64GB ROM - 4GB RAM - Single Sim - 4g Lte With Facetime - Renewed",494999,595000
iphone 11 - 128GB ROM - 4GB RAM - Single Sim + E-sim- 4g Lte - Black - Renewed,519999,595000
"iphone 11 - 6.1""- 128GB ROM - 4GB RAM - Single Sim + E-sim- 4g Lte - White - Renewed",519999,595000
"iphone 11 - 6.1""- 128GB ROM - 4GB RAM - Single Sim + E-sim - Green - Renewed",519999,595000
"iphone 11 - 6.1""- 128GB ROM - 4GB RAM - Single Sim + E-sim - 4g Lte - Renewed",519999,595000
"iphone 12 Pro - 6.1"" - 256GB ROM - 6GB RAM - 5g - Nano Sim + E-sim - 3000mAh - Grey - Renewed",749999,820000
"Iphone 12 Pro - 6.1"" - 256GB ROM - 6GB RAM - 5g - Nano Sim + E-sim - 3000mAh - Gold - Renewed",749999,820000
"iphone 12 Pro - 6.1"" - 256GB ROM - 6GB RAM - 5g - Nano Sim + E-sim - 3000mAh - White - Renewed",749999,820000
"iphone 12 Pro Max - 6.7"" - 6GB RAM - 128GB ROM - 5g - Nano Sim + E-sim - 3000mAh - Grey - Renewed",849999,960000
"iphone 12 Pro Max - 6.7"" - 6GB RAM - 128GB ROM - 5g - Nano Sim + E-sim - 3000mAh - White - Renewed",849999,960000
"Iphone 12 Pro Max - 6.7"" - 6GB RAM - 128GB ROM - 5g - Nano Sim + E-sim - 3000mAh - Blue - Renewed",849999,960000
"iphone 12 Pro Max - 6.7"" - 6GB RAM - 128GB ROM - 5g - Nano Sim + E-sim - 3000mAh - Gold - Renewed",849999,960000
"IPhone 12 - 6.1"" - 128gb Rom- 4gb Ram - 4gb Lte - Single Sim - 2815mah - Blue - Renewed",610000,610000
"IPhone 12 - 6.1"" - 128gb Rom- 4gb Ram - 4gb Lte - Single Sim - 2815mah - White - Renewed",610000,610000
"IPhone 12 - 6.1"" - 128gb Rom- 4gb Ram - 4gb Lte - Single Sim - 2815mah - Red - Renewed",600000,600000
"IPhone 12 - 6.1"" - 128gb Rom- 4gb Ram - 4gb Lte - Single Sim - 2815mah - Green - Renewed",600000,600000
"IPhone 12 - 6.1"" - 128gb Rom- 4gb Ram - 4gb Lte - Single Sim - 2815mah - Black - Renewed",600000,600000
"IPhone 12 - 6.1"" - 64gb Rom- 4gb Ram - 4gb Lte - Single Sim - 2815mah - White - Renewed",570000,570000
"IPhone 12 - 6.1"" - 64gb Rom- 4gb Ram - 4gb Lte - Single Sim - 2815mah - Red - Renewed",570000,570000
"IPhone 12 - 6.1"" - 64gb Rom- 4gb Ram - 4gb Lte - Single Sim - 2815mah - Blue - Renewed",570000,570000
"IPhone 12 - 6.1"" - 64gb Rom- 4gb Ram - 4gb Lte - Single Sim - 2815mah - Green - Renewed",570000,570000
"iPhone 12 - 6.1"" - 64GB ROM- 4GB RAM - Single Sim - 2815mAh  - Renewed",570000,570000
"IPhone 12 Pro 5G - 6.1"" - 128gb Rom - 6gb Ram - Single Sim - 2815mah - Silver - Renewed",700000,700000
"IPhone 12 Pro 5G - 6.1"" - 128gb Rom - 6gb Ram - Single Sim - 2815mah - Blue - Renewed",710000,710000
"IPhone 12 Pro 5G - 6.1"" - 256gb Rom - 6gb Ram - Single Sim - 2815mah - Graphite - Renewed",740000,740000
"IPhone 12 Pro 5G - 6.1"" - 256gb Rom - 6gb Ram - Single Sim - 2815mah - Silver - Renewed",700000,700000
"IPhone 12 Pro 5G - 6.1"" - 256gb Rom - 6gb Ram - Single Sim - 2815mah - Blue - Renewed",700000,700000
"IPhone 12 Pro 5G - 6.1"" - 256gb Rom - 6gb Ram - Single Sim - 2815mah - Gold - Renewed",750000,750000
"IPhone 12 Pro 5G - 6.1"" - 128gb Rom - 6gb Ram - Single Sim - 2815mah - Gold - Renewed",700000,700000
"IPhone 12 Pro 5g - 6.1"" - 128gb Rom - 6gb Ram - Single Sim - 2815mah - Graphite - Renewed",700000,700000
"IPhone 12 Pro Max - 6.7"" - 128gb Rom- 6gb Ram - Single Sim- 5g - 3687mah - Blue - Renewed",800000,800000
"IPhone 12 Pro Max - 6.7"" - 128gb Rom- 6gb Ram - Single Sim- 5g - 3687mah - Silver - Renewed",800000,800000
"IPhone 12 Pro Max - 6.7"" - 128gb Rom- 6gb Ram - Single Sim- 5g - 3687mah - Gold - Renewed",800000,800000
"IPhone 12 Pro Max - 6.7"" - 128gb Rom- 6gb Ram - Single Sim- 5g - 3687mah - Graphite - Renewed",800000,800000
"IPhone 12 Pro Max - 6.7"" - 256gb Rom- 6gb Ram - Single Sim- 5g - 3687mah - Graphite - Renewed",850000,850000
"IPhone 12 Pro Max - 6.7"" - 256gb Rom- 6gb Ram - Single Sim- 5g - 3687mah - Blue - Renewed",850000,850000
"IPhone 12 Pro Max - 6.7"" - 256gb Rom- 6gb Ram - Single Sim- 5g - 3687mah - Silver - Renewed",850000,850000
"Iphone 12 Pro Max - 6.7"" - 256gb Rom- 6gb Ram - Single Sim- 5g - 3687mah - Gold - Renewed",850000,850000
"IPhone 12 - 6.1"" - 128gb Rom- 4gb Ram - 4gb Lte - Single Sim - 2815mah - Green - Renewed",580000,580000
"IPhone 12 - 6.1"" - 128gb Rom- 4gb Ram - 4gb Lte - Single Sim - 2815mah - Blue - Renewed",580000,580000
"IPhone 12 - 6.1"" - 128gb Rom- 4gb Ram - 4gb Lte - Single Sim - 2815mah - Red - Renewed",580000,580000
"IPhone 12 - 6.1"" - 128gb Rom- 4gb Ram - 4gb Lte - Single Sim - 2815mah - White - Renewed",580000,580000
"IPhone 12 - 6.1"" - 128gb Rom- 4gb Ram - 4gb Lte - Single Sim - 2815mah - Black - Renewed",580000,580000
"IPhone 12 - 6.1"" - 64gb Rom- 4gb Ram - 4gb Lte - Single Sim - 2815mah - White - Renewed",530000,530000
"IPhone 12 - 6.1"" - 64gb Rom- 4gb Ram - 4gb Lte - Single Sim - 2815mah - Red - Renewed",530000,530000
"IPhone 12 - 6.1"" - 64gb Rom- 4gb Ram - 4gb Lte - Single Sim - 2815mah - Blue - Renewed",520000,520000
"IPhone 12 - 6.1"" - 64gb Rom- 4gb Ram - 4gb Lte - Single Sim - 2815mah - Green - Renewed",530000,530000
"IPhone 12 - 6.1"" - 64gb Rom- 4gb Ram - 4gb Lte - Single Sim - 2815mah - Black - Renewed",530000,530000
"IPhone 12 Pro 5G - 6.1"" - 256gb Rom - 6gb Ram - Single Sim - 2815mah - Blue - Renewed",700000,700000
"IPhone 12 Pro 5G - 6.1"" - 256gb Rom - 6gb Ram - Single Sim - 2815mah - Graphite - Renewed",700000,700000
"IPhone 12 Pro 5G - 6.1"" - 256gb Rom - 6gb Ram - Single Sim - 2815mah - Silver - Renewed",700000,700000
"IPhone 12 Pro 5G - 6.1"" - 256gb Rom - 6gb Ram - Single Sim - 2815mah - Gold - Renewed",700000,700000
"IPhone 12 Pro 5G - 6.1"" - 128gb Rom - 6gb Ram - Single Sim - 2815mah - Graphite - Renewed",680000,680000
"IPhone 12 Pro 5G - 6.1"" - 128gb Rom - 6gb Ram - Single Sim - 2815mah - Silver - Renewed",680000,680000
"IPhone 12 Pro 5G - 6.1"" - 128gb Rom - 6gb Ram - Single Sim - 2815mah - Blue - Renewed",680000,680000
"IPhone 12 Pro 5G - 6.1"" - 128gb Rom - 6gb Ram - Single Sim - 2815mah - Gold - Renewed",680000,680000
"IPhone 12 Pro Max - 6.7"" - 128gb Rom- 6gb Ram - Single Sim- 5g - 3687mah - Silver - Renewed",790000,790000
"IPhone 12 Pro Max - 6.7"" - 128gb Rom- 6gb Ram - Single Sim- 5g - 3687mah - Blue - Renewed",790000,790000
"IPhone 12 Pro Max - 6.7"" - 128gb Rom- 6gb Ram - Single Sim- 5g - 3687mah - Gold - Renewed",790000,790000
"IPhone 12 Pro Max - 6.7"" - 128gb Rom- 6gb Ram - Single Sim- 5g - 3687mah - Graphite - Renewed",790000,790000
"IPhone 12 Pro Max - 6.7"" - 256gb Rom- 6gb Ram - Single Sim- 5g - 3687mah - Silver - Renewed",830000,830000
"IPhone 12 Pro Max - 6.7"" - 256gb Rom- 6gb Ram - Single Sim- 5g - 3687mah - Blue - Renewed",830000,830000
"IPhone 12 Pro Max - 6.7"" - 256gb Rom- 6gb Ram - Single Sim- 5g - 3687mah - Graphite - Renewed",830000,830000
"IPhone 12 Pro Max - 6.7"" - 256gb Rom- 6gb Ram - Single Sim- 5g - 3687mah - Gold - Renewed",830000,830000
"Iphone 14 Pro Max - 5g 6.7"" 256gb Rom - Retina Oled Face Id -4323mah - Renewed..",1140000,1300000
"Iphone 14 Pro Max - 5g 6.7"" 256gb Rom - Retina Oled Face Id -4323mah - Renewed",1140000,1300000
"Iphone 14 Pro Max - 5g 6.7"" 256gb Rom - Retina Oled Face Id -4323mah - Renewed",1140000,1300000
"Iphone 14 Pro Max 5g - 6.7"" - 256 Rom - 6gb Ram - Nano-sim - 4323mah - Renewed",1140000,1300000
"Iphone 14 Pro Max - 5g 6.7"" 128gb Rom Retina Oled Face Id -4323mah - Renewed",1090000,1150000
"Iphone 14 Pro Max - 5g 6.7"" 128gb Rom - Retina Oled Face Id -4323mah - Renewed.",1090000,1150000
"Iphone 14 Pro Max - 5g 6.7"" 128gb Rom - Retina Oled Face Id -4323mAh - Renewed",1090000,1150000
"Iphone 14 Pro Max 5g - 6.7"" - 128 Rom - 6gb Ram - Nano-sim - 4323mah  - Renewed",1090000,1150000
"Iphone 14 Pro - 256gb Rom 6gb Ram (1sim + 1 Esim) 6.1"" Oled Face Id 5g Smartphone - Renewed",985000,1000000
"Iphone 14 Pro 5g - 6.1"" - 256gb Rom - 6gb Ram - Nano-sim - 3200mah - Renewed",985000,1000000
"Iphone 14 Pro 5g - 6.1"" - 256gb Rom - 6gb Ram - Nano-sim - 3200mah - - Renewed",985000,1000000
"Iphone 14 Pro 256gb Rom 6gb Ram 1sim + Esim 6.7"" Oled Face Id 5g Cellphone - Renewed",985000,1000000
"Iphone 14 Pro 128gb Rom 6gb Ram 1sim + Esim 6.7"" Oled Face Id 5g Cellphone - Renewed",919000,950000
"Iphone 14 Pro 5g - 6.1"" - 128gb Rom - 6gb Ram - Nano-sim - 3200mah - - Renewed",919000,950000
"Iphone 14 Pro 5g - 6.1"" - 128gb Rom - 6gb Ram - Nano-sim - 3200mah  - Renewed",919000,950000
"Iphone 14 Pro 128gb Rom 6gb Ram - 1sim + 1 Esim - 6.1"" Oled Face Id  5g Smartphone - Renewed",919000,950000
"Iphone 14 - 256gb Rom 6gb Ram - 1 Sim+1 Esim 6.1"" Genuine Super Retina Oled. 5g - Renewed",758999,800000
"Iphone 14 - 256gb Rom 6gb Ram - 1 Sim+1 Esim 6.1"" Genuine Super Retina Oled 5g - Renewed",758999,800000
"Iphone 14 - 256gb Rom 6gb Ram - 1 Sim+1 Esim 6.1"" Genuine Super Retina Oled Face Id 5g - Renewed",758999,800000
Iphone 14 - 256gb Ios 17 Apple A15 Bionic Super Retina Xdr Oled Dust/water Resistant - Renewed,758999,800000
"Apple Iphone 14 5g - 6.1""oled - 256gb Rom - 6gb Ram - Nanosim - 3279mah - Renewed",758999,800000
"Iphone 14 - 128gb Rom 6gb Ram - 1 Sim+1 Esim 6.1"" Genuine Super Retina Oled. 5g - Renewed",729999,770000
"Iphone 14 - 128gb Rom 6gb Ram - 1 Sim+1 Esim 6.1"" Genuine Super Retina Oled 5g - Renewed",739999,770000
"Iphone 14 - 128gb Rom 6gb Ram - 1 Sim+1 Esim 6.1"" Genuine Super Retina Oled Face Id 5g - Renewed",739999,770000
Iphone 14 - 128gb - Ios 17 - Apple A15 Bionic Super Retina Xdr Oled Dust/water Resistant - Renewed,729999,770000
"Iphone 14 5g - 6.1""oled - 128gb Rom - 6gb Ram - Nanosim - 3279mah  - Renewed",729999,770000
"iPhone 11 - 6.1"" -64GB ROM - 4GB RAM - Single Sim- 4g Lte - Purple - Renewed",494999,595000
"iPhone 11 Pro - 5.8"" - 64GB ROM - 4GB RAM - 4g Lte - Single Sim & E-sim- 3046mah - Green - Renewed",569999,650000
"iPhone 11 Pro - 5.8"" - 64GB ROM - 4GB RAM - 4g Lte - Single Sim & E-sim - 3190mAh - Silver -Renewed",569999,650000
"iPhone 11 Pro - 5.8"" - 64GB ROM - 4GB RAM - 4g Lte - Single Sim & E-sim- 3046mah - Gold -Renewed",569999,650000
"Iphone 11 - 6.1"" -64gb Rom- 4gb Ram- 4g Lte -single Sim & E-sim - Renewed",494999,595000
"iPhone 11 Pro - 5.8"" - 256GB ROM - 4GB RAM - 4g Lte - Single Sim & E-sim - 3190mah - Silver - Renewed",595999,750000
"iPhone 11 Pro - 5.8"" - 256GB ROM - 4GB RAM - 4g Lte - Single Sim & E-sim - 3190mah - Gold - Renewed",595999,750000
"iPhone 11 Pro - 5.8"" - 256GB ROM - 4GB RAM - 4g Lte - Single Sim & E-sim - 3190mah - Green - Renewed",595999,650000
"iPhone 11 Pro Max - 5.8"" - 64GB ROM - 4GB RAM - nano Sim + E-sim -3000mah - Silver -Renewed",649900,750000
"iPhone 12 - 6.1"" - 64GB ROM - 4GB RAM - 5g - Nano Sim + E-sim - 3000mah - Black - Renewed",548999,680000
"iPhone 12 - 6.1"" - 128GB ROM - 4GB RAM - 5g - Nano Sim + E-sim - 3000mah - Green - Renewed",619999,680000
"iPhone 11 Pro Max - 5.8"" - 64GB ROM - 4GB RAM - 4G Lte - Nano Sim + E-Sim - 3000mAh - Green - Renewed",649900,750000
"iPhone 11 Pro Max - 5.8"" - 64GB ROM - 4GB RAM - 4g Lte - Nano Sim + E-sim - 3000mah - Renewed",649900,750000
"iPhone 12 - 6.1"" - 128GB ROM - 4GB RAM - 5g - Nano Sim + E-sim - 3000mah - Blue - Renewed",619999,680000
"iPhone 12 - 6.1"" - 128GB ROM - 4GB RAM - 5g - Nano Sim + E-sim - 3000mah - Black - Renewed",619999,680000
"iPhone 12 Pro - 6.1"" - 128GB ROM - 6GB RAM - 5g - Nano Sim + E-sim - 3000mah - Grey - Renewed",695999,820000
"iPhone 12 Pro - 6.1"" - 128GB ROM - 6GB RAM - 5g - Nano Sim + E-sim - 3000mah",695999,820000
"iPhone 12 Pro - 6.1"" - 128GB ROM - 6GB RAM - 5g - Nano Sim + E-sim - 3000mah - Renewed",695999,820000
"iPhone 12 Pro - 6.1"" - 128GB ROM - 6GB RAM - 5g - Nano Sim + E-sim - 3000mah - White - Renewed",695999,820000
"iPhone 12 Pro Max - 6.7"" - 6GB RAM - 256GB ROM - 5g - Nano Sim + E-sim - 3000mah - Renewed",879999,960000
"iPhone 12 Pro Max - 6.7"" - 6GB RAM - 256GB ROM - 5g - Nano Sim + E-sim - 3000mah - Blue - Renewed",879999,960000
"iPhone 12 Pro Max - 6.7"" - 6GB RAM - 256GB ROM - 5g - Nano Sim + E-sim - 3000mah - White - Renewed",879999,960000
"iPhone 12 Pro - 6.1"" - 256GB ROM - 6GB RAM - 5g - Nano Sim + E-sim - 3000mah - Renewed",749999,820000
"iPhone 12 Pro Max - 6.7"" - 6GB RAM - 256GB ROM - 5g - Nano Sim + E-sim - 3000mah - Grey - Renewed",879999,960000
"iphone 11 Pro Max - 5.8"" - 256GB ROM - 4GB RAM - 4G Lte - Nano Sim + E-Sim -3000mAh -Silver - Renewed",695999,750000
"iphone 11 Pro Max - 5.8"" - 256GB ROM - 4GB RAM - 4G Lte - Nano Sim + E-Sim - 3000mAh  - Renewed",695999,750000
"iphone 11 Pro Max - 5.8"" - 256GB ROM - 4GB RAM - 4G Lte - Nano Sim + E-Sim - 3000mAh - Gold - Renewed",695999,750000
"Iphone 11 Pro Max - 5.8"" - 256GB ROM - 4GB RAM - 4G Lte - Nano Sim + E-sim - 3000mAh - Renewed",695999,750000
"iphone 12 - 6.1"" - 64GB ROM - 4GB RAM - 5G - Nano Sim + E-Sim - 3000mAh - Blue - Renewed",548999,680000
"iphone 12 - 6.1"" - 64GB ROM - 4GB RAM - 5G - Nano Sim + E-sim - 3000mAh - Green - Renewed",548999,680000
"Iphone 13 Pro Max - 6gb Ram - 128gb Rom - 6.1""inc Super Retina Oled -a15 Ios  - 1 Sim+e-sim - Renewed",839999,900000
"Iphone 13 Pro Max - 6gb Ram - 128gb Rom - 6.1""inc Super Retina Oled -a15 Ios - 1 Sim+e-sim-Renewed",839999,900000
"Iphone 13 Pro Max - 6gb Ram - 128gb Rom - 6.1""inc Super Retina Oled - 1 Sim+e-sim - Renewed",839999,900000
"Iphone 13 Pro Max - 6gb Ram - 128gb Rom - 6.1""inc Super Retina Oled - 1 Sim+e-sim - Renewed",839999,900000
"Iphone 13 Pro Max - 6gb Ram - 128gb Rom - 6.1""inc Super Retina Oled -a15 Ios 1 Sim+e-sim - Renewed",839999,900000
"Iphone 8 Plus - 5.5"" - 64gb Rom - 3gb Ram - Ios 11 - 12mp - Renewed,,",289999,390000
"Iphone 8 Plus - 5.5"" - 64gb Rom - 3gb Ram - Ios 11 - 12mp - Renewed.",289000,390000
"Iphone 8 Plus - 5.5"" - 64gb Rom - 3gb Ram - Ios 11 - 12mp - Renewed",289999,390000
Iphone 8 Plus - 64gb Rom - 3gb Ram - Ios 11 - 12mp - 5.5inch - Renewed,289999,390000
"Iphone Xr - 6.1"" - 3gb Ram - 64gb Rom - Wifi + 4g - Nano Sim - 3000mah - Renewed",298999,480000
"Iphone Xr - 6.1"" - 3gb Ram - 64gb Rom - Wifi + 4g - Nano Sim - 3000mah - Black - Renewed",298999,480000
"Iphone Xr - 6.1"" - 3gb Ram - 128gb Rom - Wifi + 4g - Nano Sim - 3000mah - Black - Renewed",329000,480000
"Iphone Xr - 6.1"" - 3gb Ram - 128gb Rom - Wifi + 4g - Nano Sim - 3000mah - Blue - Renewed",339900,480000
"Iphone 11 - 6.1"" - 64gb Rom + 4gb Ram - Wifi +4g - Nano Sim - 3110mah - Green - Renewed",379995,490000
"Iphone 11 - 6.1"" - 64gb Rom + 4gb Ram - Wifi +4g - Nano Sim - 3110mah - White - Renewed",379995,490000
"Iphone 11 - 6.1"" - 64gb Rom + 4gb Ram - Wifi +4g - Nano Sim - 3110mah - Red - Renewed",379995,490000
"Iphone 11 - 6.1"" - 128gb Rom + 4gb Ram - Wifi + 4g - Nano Sim - 3110mah - Renewed",399999,490000
"Iphone 11 - 6.1"" - 128gb Rom + 4gb Ram - Wifi + 4g - Nano Sim - 3110mah - Purple - Renewed",399999,490000
"Iphone 11 - 6.1"" - 64gb Rom + 4gb Ram - Wifi + 4g - Nano Sim - 3110mah - Purple - Renewed",379995,490000
"Iphone 11 - 6.1"" - 128gb Rom + 4gb Ram - Wifi + 4g - Nano Sim - 3000mah - Black - Renewed",399999,490000
"Iphone 11 - 6.1"" - 64gb Rom + 4gb Ram - Wifi + 4g - Nano Sim - 3110mah - Green - Renewed",379585,495000
"Iphone Xr - 6.1"" - 3gb Ram- 64gb Rom - Wifi + 4g - Nano Sim - 3000mah - Renewed",299999,390000
"Iphone Xr - 6.1"" - 64gb Rom- 3gb Ram - Wifi + 4g - Nano Sim - 3000mah - Renewed",299999,390000
"Iphone 12 5g - 6.1"" - Single Sim - 128gb Rom - 4gb Ram - Ios 14.1 - 2815mah - Green - Renewed",459999,620000
"Iphone 12 Pro Max - 6.7"" - 128gb Rom - 6gb Ram - 5g - Single Sim - 5000mah - Renewed",689999,720000
"Iphone 12 Pro Max - 6.7"" - 128gb Rom - 6gb Ram - 5g - Single Sim - 5000mah - Renewed",689999,720000
"Iphone 12 Pro Max - 6.7"" - 128gb Rom - 6gb Ram - 5g - Single Sim - 5000mah - Renewed",689999,720000
"Iphone 12 Pro Max - 6.7"" - 128gb Rom - 6gb Ram - 5g - Single Sim - 5000mah - Renewed",689999,720000
"Iphone 12 5g - 6.1"" - Single Sim - 128gb Rom - 4gb Ram - Ios 14.1 - 2815mah - Blue - Renewed",459999,620000
"Iphone 12  -5g - 6.1"" - Single Sim - 128gb Rom - 4gb Ram - Ios 14.1 - 2815mah - Renewed",459999,620000
"Iphone 11 Pro Max - 5.8"" - 64gb Rom - 4gb Ram - 4g Lte - Single And E-sim - 3969mah - Renewed",499999,620000
"Iphone 11 Pro Max - 5.8"" - Single Sim - 64gb Rom - 4gb Ram - 4g Lte - Single Sim - 3969mah - Renewed",499999,620000
"Iphone 12 - 6.1"" - 4gb Ram - 64gb Rom - Single Sim - 2815mah - Blue - Renewed",399999,665000
"Iphone 12 - 6.1"" - 4gb Ram - 64gb Rom - Face Id - Oled Screen- Single Sim - 2815mah - Green - Renewed",399999,565000
"Iphone 12 - 6.1"" - 4gb Ram - 128gb Rom - Single Sim - 2815mah - Blue - Renewed",459999,650000
"Iphone 12 Pro Max - 6.7"" - 128gb Rom - 6gb Ram - 5g - Single Sim - 5000mah - Renewed",689999,720000
"Iphone 12 Pro - 6.1"" - 256gb Rom - 6gb Ram - Face Id Unlock - 5g - 1 Sim & E-sim - 2815mah - Renewed.",619999,670000
"Iphone 12 Pro Max - 6.7"" - 256gb Rom - 6gb Ram - 5g - Single Sim - 5000mah - Renewed",729999,780000
"Iphone 13 - 6.1""- 1sim+ E-sim - 4gb Ram - 128gb Rom - Super Retina Xdr Oled [renewed]",599999,650000
"Iphone 13 - 6.1""- 1sim+ E-sim - 4gb Ram - 128gb Rom - Super Retina - [renewed]",599999,650000
"Iphone 13 - 6.1""- 1sim+ E-sim - 4gb Ram - 128gb Rom - Super Retina - 3240mah [renewed]",599999,650000
"Iphone 13 - 6.1""- 1sim+ E-sim - 4gb Ram - 128gb Rom - Super Retina - Oled - 3240mah [renewed]",599999,650000
"Iphone 13 - 6.1""- 1sim+ E-sim - 4gb Ram - 128gb Rom - Super Retina - Xdr Oled - 3240mah [renewed]",599999,650000
"iPhone 8 - 4.7"" - 64gb Rom - 2gb Ram - Wifi + 4g - Nano Sim - 3000mah - Black - Renewed",179000,250000
"iPhone 8 - 4.7"" - 64gb Rom - 2gb Ram - Wifi + 4g - Nano Sim - 3000mah - Silver - Renewed",179000,195000
"iPhone 8 - 4.7"" - 64gb Rom - 2gb Ram - Wifi + 4g - Nano Sim - 3000mah - Gold - Renewed",179000,245000
"iPhone 8 - 4.7"" - 64gb Rom - 2gb Ram - Wifi + 4g - Nano Sim - Red - Renewed",179899,195000
"Iphone 12 - 6.1"" - 4gb Ram - 128gb Rom - Single Sim - 2815mah - Black - Renewed",459999,650000
"Iphone 12 - 6.1"" - 4gb Ram - 64gb Rom - Face Id - Oled Screen- Single Sim - 2815mah - Black - Renewed",399999,665000
"Iphone 12 - 6.1"" - 4gb Ram - 128gb Rom - Oled Screen- Single Sim - 2815mah - Green - Renewed",459999,650000
"iPhone 12 - 6.1"" - 4GB RAM - 128GB RAM - Single Sim - 2815mAh - Renewed",459999,500000
"Iphone 12 Pro Max - 6.7"" - 256gb Rom - 6gb Ram - 5g - Single Sim - 5000mAh - Renewed",728999,790000
"Iphone 12 Pro Max - 6.7"" - 256gb Rom - 6gb Ram - 5g. - Single Sim - 5000mah - Renewed",728999,790000
"Iphone 12 Pro Max - 6.7"" - 256gb Rom - 6gb Ram - 5g - Single Sim - 5000mah - Renewed,,",728999,790000
"Iphone 12 Pro Max - 6.7"" - 256gb Rom - 6gb Ram - 5g - Single Sim - 5000mah, - Renewed",728999,790000
"Iphone 12 Pro Max - 6.7"" - 128gb Rom - 6gb Ram - 5g - Single Sim - 5000mah- Renewed,",689999,720000
"Iphone 12 Pro - 6.1"" - 128gb Rom - 6gb Ram - 5g - Nano Sim - 3000mah - 1 Sim & E-sim - Renewed",569999,600000
"Iphone 12 Pro - 128gb Rom - 6gb Ram - 5g - 6.1"" - Ios 14.1 - 1 Sim & E-sim - 2815mah - Renewed,",569999,600000
"Iphone 12 Pro - 128gb Rom - 6gb Ram - 5g - 6.1"" - Ios 14.1 - 1 Sim & E-sim - 2815mah - Renewed",569999,600000
"Iphone 12 Pro - 128gb Rom - 6gb Ram - 5g - 6.1"" - Ios 14.1 - 1 Sim + E-sim - 2815mah- Renewed",569999,600000
"Iphone 12 Pro - 6.1"" - 256gb Rom - 6gb Ram - Face Id Unlock - 5g - 1 Sim & E-sim - .2815mah - Renewed",619999,670000
"Iphone 12 Pro - 6.1"" - 256gb Rom - 6gb Ram - Face Id Unlock - 5g - 1 Sim & E-sim - 2815mah - Renewed,",619999,670000
"Iphone 12 Pro - 6.1"" - 256gb Rom - 6gb Ram - Face Id Unlock - 5g - 1 Sim & E-sim - 2815mah - Renewed",619999,670000
"iPhone 12 - 6.1"" - 4GB RAM - 64GB RAM - Face Id - Oled Screen- Single Sim - Renewed",399999,500000
"iPhone 12 - 6.1"" - 4GB RAM - 128GB RAM  - Oled Screen- Single Sim - 2815mah - Renewed",459999,500000
"Iphone 12 Pro Max - 6.7"" - 128gb Rom - 6gb Ram - 5g - Single Sim - 5000mah [renewed]",689999,720000
"Iphone 12 Pro - 6.1"" - 256gb Rom - 6gb Ram - Face Id Unlock - 5g - 1 Sim & E-sim - 2815mah- Renewed",599999,650000
"iPhone 12 - 6.1"" - 4GB RAM - 128GB RAM  - Single Sim - 2815mAh - Renewed",459999,500000
"IPhone 12 - 6.1"" -4GB RAM - 64GB RAM  - Face Id - Oled Screen- Single Sim - 2815mah - Renewed.",399999,500000
"Iphone 11 Pro - 5.8"" - 64gb Rom - 4gb Ram - 4g Lte - Single Sim - 3046mah - Green - Renewed",439999,500000
"Iphone 11 Pro - 5.8"" - 64gb Rom - 4gb Ram - 4g Lte - Single Sim - 3046mah - Gold - Renewed",439999,500000
Iphone 11 Pro Max - Face Id - Single Sim- 64gb Rom- 4gb Ram - 4g Lte - 3969 Mah - Renewed,499999,720000
"Iphone 13 - 6.1""- 1sim+ E-sim - 4gb Ram - 128gb Rom - Super Retina Xdr Oled - 5g,- Renewed",619999,670000
"Iphone 13 - 6.1""- 1sim+ E-sim -4GB RAM - 128GB RAM  - Super Retina Xdr Oled, - Renewed",619999,670000
"iPhone 13 - 6.1""- 1sim+ E-sim - 4GB RAM - 128GB RAM  - Super Retina Xdr Oled - Renewed",619999,670000
"Iphone 13 - 6.1""- 1sim+ E-sim - 4GB RAM - 128GB RAM - Super Retina Xdr Oled - 5g - Renewed",619999,670000
"iPhone 13 - 6.1""- 1sim+ E-sim - 4GB RAM - 128GB RAM  - Super Retina Xdr Oled - Renewed",619999,670000
"Iphone 13 Pro- 6GB RAM - 128GB ROM - 6.1"" Super Retina Oled -a15 Ios - Face Id - 1 Sim+e-sim -rnewed",759999,800000
"Iphone 13 Pro - 256gb Rom - 6.1""inc Super Retina Oled -a15 Ios - Face Id - 1 Sim+e-sim [renewed]",819999,860000
"Iphone 13 Pro  - 256GB ROM  - 6.1""inc Super Retina Oled -a15 Ios - 1 Sim+e-sim - renewed",819999,860000
"Iphone 13 Pro Max - 6gb Ram - 128gb Rom - 6.1""inc Super Retina Oled -a15 Ios ,- 1 Sim+e-sim [renewed]",849999,900000
"iPhone 12 - 6.1"" - 4GB RAM - 64GB RAM - Face Id - Oled Screen- Single Sim - 2815mah - Renewed",399999,500000
"iPhone 13 - 6.1"" - 1sim+e-sim - 4GB RAM - 128GB RAM - 3240mAh - Renewed",619999,670000
"iPhone 12 Pro Max - 6.7"" - 256GB ROM - 6GB RAM- 5g - Single Sim - 5000mAh - Renewed",729999,780000
"Iphone 13 Pro - 256gb Rom - 6.1""inc Super Retina Oled -a15 Ios  - 1 Sim+e-sim - Renewed",819999,860000
"Iphone 13 Pro - 256gb Rom - 6.1""inc Super Retina Oled -a15 Ios - 1 Sim+e-sim - Renewed",819999,860000
"Iphone 13 Pro Max - 6gb Ram - 128gb Rom - 6.1""inc Super Retina Oled -a15 Ios - 1 Sim+e-sim - Renewed",849999,900000
"Iphone 13 Pro Max - 6gb Ram - 128gb Rom - 6.1""inc Super Retina Oled -a15 Ios- 1 Sim+e-sim - Renewed",849999,900000
"Iphone 13 Pro Max - 6gb Ram - 128gb Rom - 6.1""inc Super Retina Oled -a15 Ios -- 1 Sim+e-sim [renewed]",849999,900000
"Iphone 13 Pro Max - 6gb Ram - 128gb Rom - 6.1""inc Super Retina Oled -a15 Ios- 1 Sim+e-sim - Renewed",849999,900000
"Iphone 13 Pro Max - 6gb Ram - 256gb Rom - 6.1""inc Super Retina Oled -a15 Ios- 1 Sim+e-sim - Renewed",899999,950000
"Iphone 13 Pro Max - 6gb Ram - 256gb Rom - 6.1""inc Super Retina Oled -a15 Ios - 1 Sim+e-sim - Renewed",899999,950000
"Iphone 13 Pro - 256gb Rom - 6.1""inc Super Retina Oled -a15 Ios - Face Id - 1 Sim+e-sim - Renewed",819999,860000
"Iphone 13 Pro - 128gb Rom - 6.1"" Super Retina Oled -a15 Ios - Face Id - 1 Sim+e-sim  - Renewed",759999,800000
"Iphone 13 Pro - 128gb Rom - 6.1"" Super Retina Oled -a15 Ios - Face Id - 1 Sim+e-sim - Renewed",759999,800000
"Iphone 13 Pro - 128gb Rom - 6.1"" Super Retina Oled -a15 Ios - Face Id - 1 Sim+e-sim - Renewed",759999,800000
"Iphone 13 Pro - 128gb Rom - 6.1"" Super Retina Oled -a15 Ios - Face Id 1 Sim+e-sim [renewed]",759999,800000
"iPhone 13 Pro Max 6.1"" 1 Sim+e-sim 256GB Super Retina Oled - Renewed",899999,950000
"iPhone 13 Pro Max 6.1"" a15 iOS Sim+e-sim 256GB Super Retina Oled - Renewed",899999,950000
"iPhone 13 Pro Max 6.1"" 15 iOS 1 Sim+e-sim 256GB Super Retina Oled - Renewed",899999,950000
"iPhone 15 Pro Max 5G - 6.7"" - 256GB ROM - 8GB RAM - E SIM - 48MP - 4422mAh - Natural Titanium",2300000,2300000
iPhone 15 Pro 128GB - Natural Titanium,1380000,1380000
"iPhone 12 Pro Max - 6.7"" - 256GB ROM + 6GB RAM- 1 Sim - 3687mah - Silver - Renewed",885000,885000
"iPhone 12 Pro Max - 6.7"" - 256GB ROM + 6GB RAM- 1 Sim - 3687mah + Pouch & Screenguard- Gold -Renewed",885000,885000
"iPhone 12 Pro Max - 6.7"" - 256GB ROM + 6GB RAM- 1 Sim - 3687mah + Pouch & Screenguard- Blue- Renewed",885000,885000
"iPhone 12 Pro Max - 6.7"" - 256GB ROM  + 6GB RAM- 1 Sim - 3687mah - Graphite - Renewed",885000,885000
"iPhone 12 Pro Max - 6.7""- 128GB ROM + 6GB RAM - 1 Sim - 3687mAh - Blue-Renewed",840000,840000
"iPhone 12 Pro Max - 6.7"" - 128GB ROM + 6GB RAM - 1 Sim - 3687mh + - Graphite - Renewed",840000,840000
"iPhone 12 - 6.1"" -128G ROM - 4GB RAM - Single Sim - 2815mah - White - Renewed",590000,590000
"iPhone 12 - 6.1"" -128G ROM - 4GB RAM - Single Sim - 2815mah - Red - Renewed",590000,590000
"iPhone 12 - 6.1"" -128G ROM - 4GB RAM - Single Sim - 2815mAh - Black - Renewed",590000,590000
"iPhone 12 - 6.1"" -128G ROM - 4GB RAM - Single Sim - 2815mAh - Blue - Renewed",590000,590000
"iPhone 12 - 6.1"" - 64GB ROM- 4GB RAM - Single Sim - 2815mAh - White - Renewed",555000,555000
"iPhone 12 - 6.1"" - 64GB ROM- 4GB RAM - Single Sim - 2815mAh - Red - Renewed",555000,555000
"iPhone 12 - 6.1"" - 64GB ROM- 4GB RAM - Single Sim - 2815mAh - Black - Renewed",555000,555000
"IPhone 12 - 6.1"" -64GB ROM- 4GB RAM - Single Sim - 2815mAh - Blue - Renewed",555000,555000
"iPhone 12 - 6.1"" -64GB ROM- 4GB RAM - Single Sim - 2815mAh - Blue - Renewed",555000,555000
"iPhone 12 - 6.1"" - 64GB RAM - 4GB RAM- Single Sim - 2815mAh - Black - Renewed",555000,555000
"iPhone 12 - 6.1"" - 64GB RAM - 4GB RAM- Single Sim - 2815mAh - Red - Renewed ",555000,555000
"iPhone 12 Pro Max - 6.7""-256GB ROM + 6GB RAM- 1 Sim - 3687mAh- - Gold - Renewed ",885000,885000
"Iphone 12 Pro Max - 6.7""-256GB ROM + 6GB RAM- 1 Sim - 3687mAh - Silver- Renewed",885000,885000
"Iphone 12 Pro Max - 6.7""-256GB ROM + 6GB RAM- 1 Sim - 3687mAh-  - Graphite - Renewed",885000,885000
"Iphone 12 Pro Max - 6.7""-128GB ROM + 6GB RAM- 1 Sim - 3687mAh -  Silver - Renewed",840000,840000
"Iphone 12 Pro Max - 6.7""-128GB ROM + 6GB RAM- 1 Sim - 3687mAh-- Blue- Renewed",840000,840000
"iPhone 12 Pro Max - 6.7""-128GB ROM + 6GB RAM- 1 Sim - 3687mAh- Gold - Renewed",840000,840000
"Iphone 12 Pro Max - 6.7""-128GB ROM + 6GB RAM- 1 Sim - 3687mAh- Graphite - Renewed",840000,840000
"iPhone 12 - 6.1"" - 128 GB RAM - 4GB RAM- Single Sim - 2815mAh - White - Renewed",590000,590000
"iPhone 12 - 6.1"" - 128GB RAM - 4GB RAM - Single Sim - 2815mAh -  Black - Renewed",590000,590000
"iPhone 12 - 6.1"" - 128GB RAM - 4GB RAM- Single Sim - 2815mAh - Red - Renewed",590000,590000
"iPhone 12 - 6.1"" - 128GB RAM - 4GB RAM- Single Sim - 2815mAh - Blue - Renewed",590000,590000
"iPhone 12 - 6.1"" - 64GB RAM - 4GB RAM- Single Sim - 2815mAh - White - Renewed",555000,555000
"iPhone 12 Pro Max - 6.7""- 256GB ROM - 6GB RAM- Single Sim - 3687mah- Blue-Renewed",885000,885000
"iPhone 11 Pro Max-6.5""-256GB ROM - 4GB RAM - Ios 13 - 3969mah - Pouch & Screen Protector - Matte Gold",685000,685000
"iPhone 11 Pro Max-6.5""-256GB ROM - 4GB RAM - Ios 13 - 3969mAh - Pouch & Screen Protector - Silver",685000,685000
"iPhone 11 Pro Max-6.5""-256GB ROM - 4GB RAM - iOS 13 - 3969mah - Pouch & Screen Protector - Space Gray",685000,685000
"iPhone 11 Pro Max-6.5""-64GB ROM - 4GB RAM - iOS 13 - 3969mah - Pouch & Screen Protector - Matte Gold",625000,625000
"iPhone 12 Pro Max - 6.7""- 256GB ROM+6GB RAM - Single Sim - 3687mah- Pouch & Screen Protector - Blue",725000,725000
"iPhone 12 Pro Max - 6.7""- 256GB ROM+6GB RAM - Single Sim - 3687mah- Pouch & Screen Protector - Silver",725000,725000
"iPhone 12 Pro Max - 6.7""- 256GB ROM+6GB RAM - Single Sim - 3687mah- Pouch & Screen Protector - Gold",725000,725000
"iPhone 12 Pro Max-6.7""-256GB ROM+6GB RAM - Single Sim - 3687mah- Pouch & Screen Protector - Graphite",725000,725000
"iPhone 12 Pro Max - 6.7""- 128GB ROM+6GB RAM - Single Sim - 3687mah- Pouch & Screen Protector - Silver",629000,629000
"iPhone 12 Pro Max - 6.7""- 128GB ROM+6GB RAM - Single Sim - 3687mah- Pouch & Screen Protector - Gold",629000,629000
"iPhone 12 Pro Max - 6.7""- 128GB ROM+6GB RAM - Single Sim - 3687mah- Pouch & Screen Protector - Blue",629000,629000
"iPhone 12 Pro Max - 6.7""-128GB ROM+6GB RAM - Single Sim - 3687mah- Pouch & Screen Protector-Graphite",629000,629000
"iPhone 12 - 6.1"" - 128GB ROM - 4GB RAM - Single Sim - 2815mah - Pouch & Screen Protector - White",590000,590000
"iPhone 12 - 6.1""- 128GB ROM - 4GB RAM - Single Sim - 2815mah - Pouch & Screen Protector - Red",590000,590000
"iPhone 12 - 6.1""- 128GB ROM - 4GB RAM - Single Sim - 2815mah - Pouch & Screen Protector - Black",590000,590000
"iPhone 12 - 6.1""- 128GB ROM - 4GB RAM - Single Sim - 2815mah - Pouch & Screen Protector - Blue",580000,580000
"iPhone 12 - 6.1"" Display - 64GB ROM - 4GB RAM - Single Sim - 2815mah - Pouch & Screen Protector - Red",555000,555000
"iPhone 12 - 6.1""- 64GB ROM - 4GB RAM - Single Sim - 2815mah - Pouch & Screen Protector - White",555000,555000
"iPhone 12 - 6.1"" -64GB ROM - 4GB RAM - Single Sim - 2815mah - Pouch & Screen Protector - Black",555000,555000
"iPhone 12 - 6.1"" -64GB ROM - 4GB RAM - Single Sim - 2815mah - Pouch & Screen Protector - Blue",555000,555000
"iPhone 11 Pro Max - 6.5""-256GB ROM - 4GB RAM - Ios 13 - 3969mAh-Pouch & Screen Protector - Matte Gold",685000,685000
"iPhone 11 Pro Max - 6.5"" - 256GB ROM - 4GB RAM - Ios 13 - 3969mAh - Pouch & Screen Protector - Silver",685000,685000
"iPhone 11 Pro Max - 6.5""-256GB ROM-4GB RAM - Ios 13 - 3969mah - Pouch & Screen Protector - Space Gray",685000,685000
"iPhone 11 Pro Max - 6.5"" - 64GB ROM - 4GB RAM - Ios 13 - 3969mah - Pouch & Screen Protector - Silver",625000,625000
"iPhone 11 Pro Max-6.5""-64GB ROM - 4GB RAM - Ios 13 - 3969mah - Pouch & Screen Protector-Space Gray",625000,625000
"iPhone 11 - 6.1"" - 128GB ROM - 4GB RAM - Single Sim - 3110mah - Pouch & Screen Protector - Green",470000,470000
"iPhone 11 - 6.1"" - 128GB ROM - 4GB RAM - Single Sim - 3110mah - Pouch & Screen Protector - Red",470000,470000
"iPhone 11 - 6.1"" - 128GB ROM - 4GB RAM - Single Sim - 3110mah - Pouch & Screen Protector - Yellow",470000,470000
"iPhone 11 - 6.1"" - 128GB ROM - 4GB RAM  - Single Sim - 3110mah - Pouch & Screen Protector - Black",470000,470000
"iPhone 11 - 6.1"" - 64GB ROM - 4GB RAM - Single Sim - 3110mah - Pouch & Screen Protector - Green",450000,450000
"iPhone 12 - 6.1"" Display - 128GB ROM - 4GB RAM - Single Sim - 2815mAh - Red - Renewed",590000,590000
"iPhone 12 - 6.1"" Display - 128GB ROM - 4GB RAM - Single Sim - 2815mAh - Blue - Renewed",590000,590000
"iPhone 12 - 6.1"" Display - 128GB ROM - 4GB RAM - Single Sim - 2815mAh - White - Renewed",590000,590000
"iPhone 12 - 6.1"" Display - 128GB ROM - 4GB RAM - Single Sim - 2815mAh - Black - Renewed",590000,590000
"iPhone 12 Pro Max - 6.7""- 128GB ROM - 6GB RAM - Single Sim - 3687mAh - Blue - Renewed ",840000,840000
"iPhone 12 Pro Max - 6.7""- 128GB ROM - 6GB RAM - Single Sim - 3687mAh - Graphite - Renewed",840000,840000
"iPhone 12 - 6.1"" Display - 64GB ROM - 4GB RAM - Single Sim - 2815mAh - Blue - Renewed",555000,555000
"iPhone 12 - 6.1"" Display - 64GB ROM - 4GB RAM - Single Sim - 2815mAh - Black - Renewed",555000,555000
"iPhone 12 - 6.1"" Display - 64GB ROM - 4GB RAM - Single Sim - 2815mAh - White - Renewed ",555000,555000
"iPhone 12 - 6.1"" Display - 64GB ROM - 4GB RAM - Single Sim - 2815mAh - Red - Renewed",555000,555000
"iPhone 12 Pro Max - 6.7""- 128GB ROM - 6GB RAM - Single Sim - 3687mAh - Silver - Renewed",840000,840000
"iPhone 12 Pro Max - 6.7""- 128GB ROM - 6GB RAM - Single Sim - 3687mAh- Rose Gold - Renewed",840000,840000
"iPhone 12 Pro Max - 6.7""- 256GB ROM - 6GB RAM - Single Sim - 3687Ah - Silver - Renewed",885000,885000
"iPhone 12 Pro Max - 6.7""- 256GB ROM - 6GB RAM - Single Sim - 3687Ah - Blue - Renewed",885000,885000
"iPhone 12 Pro Max - 6.7""- 256GB ROM - 6GB RAM - Single Sim - 3687Ah - Gold - Renewed",885000,885000
"iPhone 12 Pro Max - 6.7""- 256GB ROM - 6GB RAM - Single Sim - 3687Ah - Graphite - Renewed",885000,885000
"iPhone 11 Pro - 5.8""- 64GB ROM - 4GB RAM - 4g - 3046mAh + Free Pouch & Screen Guide - Gold",625000,625000
iPhone 14 Pro Max 6.7''- 6GB RAM -  256GB  ROM - E- Sim - Space Black,1440000,1440000
iPhone 11 Pro - 4GB RAM 256GB ROM - Single Sim - 4300mAh -Black ,800000,800000
"iPhone X 5.8"" - 64GB ROM - 3GB RAM - Super Amoled - 12mp + 12mp + 7mp 4g Lte - Silver",215000,215000
iPhone 13 Pro Super Retina Xdr -6GB RAM + 256GB ROM - iOs - Graphite,740000,740000
"iPhone 11 Pro Max - 6.5"" -4GB RAM - 64GB ROM -IOS 13 -12mp+12mp Smartphone - Midnight Green",540000,540000
"iPhone 11 Pro Max - 6.5"" -4GB RAM - 64GB ROM -IOS 13- 4G LTE Smart",450000,450000
Apple iPhone 13 Pro Max - 256GB ROM - 6GB RAM - 5g - Blue,954000,954000
"iPhone 12 Pro - 256GB ROM - 6GB RAM - 6.1"" 12mp+12mp+12mp- 2815maAh - 5G - Gold",645000,645000
"iPhone 12 Pro - 256GB ROM - 6GB RAM - 6.1"" 12mp+12mp+12mp 2815mAh - 5G - Graphite",645000,645000
"iPhone 12 Pro - 256GB ROM - 6GB RAM - 6.1"" 12mp+12mp+12mp 2815mAh - 5G - Pacific Blue",645000,645000
"iPhone 12 Pro - 128GB ROM - 6GB RAM - 6.1"" 12mp+12mp+12mp - 2815mAh - 5G - Gold",595000,595000
"iPhone 12 Pro - 128GB ROM - 6GB RAM - 6.1"" 12mp+12mp+12mp - 2815mAh - 5G - Graphite",595000,595000
"iPhone 12 - 128GB ROM - 4GB RAM - IOS 14.1 - 6.1"" - White",470000,470000
"iPhone 12 - 128GB ROM - 4GB RAM - IOS 14.1 - 6.1"" - Blue",470000,470000
"iPhone 12 - 64GB ROM - 4GB RAM - IOS 14.1 - 6.1"" - Blue",430000,430000
"iPhone 11 - 64GB ROM - 4GB RAM - 6.1"" - 3110mAh - White",335000,335000
"Iphone 11 - 64GB ROM - 4GB RAM - 6.1"" - 3110mAh - Black ",335000,335000
iPhone 8 Plus - 64GB ROM -2GB RAM -Nano Sim - Black + Standard Back Case & Screen Protector,195000,195000
iPhone 8 Plus - 64GB ROM -2GB RAM -Nano Sim - Black + Standard Back Case & Screen Protector,195000,195000
iPhone 12 Pro - 256GB - 6GB - Pacific Blue,690000,690000
iPhone 12 Pro - 128GB - 6GB - Pacific Blue,630000,630000
"iPhone 12 Pro Max - 128GB - 6GB RAM - 6.7"" - Pacific Blue",630000,630000
"iPhone 12 - 128GB - 4GB RAM - iOS 14.1 - 6.1"" - Black",620000,630000
"iPhone 12 - 128GB - 4GB RAM - iOS 14.1 - 6.1"" - Blue",630000,650000
"iPhone 12 - 128GB - 4GB RAM - iOS 14.1 - 6.1"" - White",620000,630000
"iPhone 12 Pro (5G) - 128GB ROM - 6GB RAM - iOS 14.1 - 6.1"" - Graphite",765000,780000
"iPhone 12 Pro (5G) - 256GB ROM - 6GB RAM - iOS 14.1 - 6.1"" - Graphite",810000,820000
"iPhone 12 Pro (5G) - 128GB ROM - 6GB RAM - iOS 14.1 - 6.1"" - Graphite",765000,780000
"iPhone 12 Pro - (5G) - 128GB ROM - 6GB RAM - iOS 14.1 - 6.1"" - Gold",770000,780000
"Iphone 12 Pro (5g) - 128gb-6gb Ram - Ios 14.1 - 6.1"" - Silver",765000,780000
"Iphone 12 Pro (5g) - 256GB ROM -6GB RAM - IOS 14.1 - 6.1""- Silver",800000,810000
32gb Ipod Touch - 7th Generation - Gold - 2019,450000,460000
iPhone X - 64GB - Grey,315000,315000
iPhone Xs - 256GB ROM - Silver,380000,395000
iPhone 11 -  6.1 Inch - Liquid Retina Lcd  - 4GB RAM 64GB ROM  Single - Sim ios 13 - 12mp+,335000,350000
iPhone X - 64GB - Space Grey,315000,315000
iPhone X - 256GB - Space Grey,340000,340000
iPhone X - 256GB - Silver,340000,340000
iPhone XR- 128GB - Dual Sim - Red,330000,330000
iPhone XR - Dual Sim - 128GB - Coral,330000,330000
Iphone X 64gb Silver,318000,318000
iPhone XS Max,420000,420000
iPhone X - 256GB - 3GB - Space Grey,455000,455000
iPhone XS - 256GB - Gold,310000,495000
iPhone XS - 256GB - Grey,310000,465000
iPhone Xs Max - 64gb - 1 Year Warranty - Space Gray,340000,525000
Iphone Xs Max - 64gb - 1 Year Warranty - Space Gray,355000,570000
iPhone X - 64GB - iOS,375000,385000
iPhone Xs Max - 64GB - 1 Year Warranty - Gold,355000,570000
iPhone Xs Max - 256GB,470000,660000
iPhone Xs Max - 64GB,415000,585000
Iphone Xs Max - 64gb - 1 Year Warranty - Silver,345000,570000
iPhone 8 64GB - Silver With Tempered Glass,270000,270000
iPhone 8 Plus - 256GB - Rose Gold,250000,312000
iPhone 8 Plus - 64GB - Gold,225000,280000
iPhone 8 - 64GB - Black,170000,235000
iPhone  X - 256GB - Grey,285000,290000
iPhone X - 256GB - Silver,285000,290000
iPhone X - 64GB - Black,260000,350000
iPhone 7 Plus - 128GB - Gold,185000,240000
iPhone 7 Plus - 128GB - Black,185000,240000
iPhone 7 Plus - 128GB - Red,185000,250000
iPhone 7- 32 GB,179000,179000
iPhone X - 64 GB - Silver,290000,290000
iPhone X 64GB,305000,590000
iPhone X - 256GB - Silver - 1 Year Warranty,265000,670000
iPhone X - 64GB - Silver - 1 Year Warranty,260000,590000
iPhone X - 64GB - Space Gray - 1 Year Warranty,260000,590000
iphone 8 Plus - 64GB,270000,400000
iPhone 8 64GB,230000,390000
iPhone 8 Plus - 64GB,270000,405000
iPhone 8 Plus - 256GB,300000,490000
iPhone 8 Plus - 64GB - Grey,220000,320000
iPhone 8 Plus - 64GB - Gold,320000,320000
iPhone 6S - 16GB - Grey,155000,155000
iPhone 6S 16GB - Rose Gold,146000,146000
iPhone 7 - 128GB - Red,270000,270000
iPhone 7 Plus 256GB - Black,350000,350000
iPhone 7 Plus 128GB - Black,345000,345000
iPhone 7 Plus 128GB - Red,318000,318000
iPhone 7 128GB - Black,320000,320000
Iphone 7 Plus - 128gb - Red,240000,510000
iPhone 7Plus - 128GB - Rose Gold,325000,325000
iPhone 7Plus - 128GB - Jet Black,380000,380000
iPhone 7 - 128GB,249500,249500
iPhone 7 Plus 128GB - Jet Black,288000,570000
Iphone 7 - 256gb,260000,590000
iPhone 6s Plus - 128GB,280000,280000
iPhone 6s Plus - 64GB,268000,268000
iPhone 6s Plus 16GB,235000,235000
iPhone SE - 16GB - Gold,180000,180000
iPhone 7 - 32GB - Rose Gold,230000,230000
